Name,item,amount,unit,cost/unit,total cost,weight ratio,Notes,Combination 1,C1 Ratio,C1 Amount,,,,,,,,,,,,,,,Name,ingredient,weight,,,measurement,price per kilogram,brewing cost,notes,:Brew Archive,,Notes,,
2022-01-22 Purchase Black Tea,black tea,115,grams,$0.05,$6.32,100.00%,,,,,,,,,,,,,,,,,,,Brew 1,cacao nibs,100,,,grams,14.99,$1.50,brewed in 1.5 litres,,,,Can get 20 brews from Jan22 at 13.8g per brew,
2022-01-09 Purchase Spices,cinnamon quills,25,grams,$0.08,$2.00,5.68%,,,,,,,,,,,,,,,,,,,Brew 1,dried rinsed lemon myrtle leaves ,42,,,grams,0,$0.00,brewed in 2 litres,,,,,ratio = blend / ingredient
2022-01-09 Purchase Spices,licorice root,70,grams,$0.06,$4.55,15.91%,,,,,,,,,,,,,,,,,,,Brew 1,licorice root sticks,29,,,grams,64.7,$1.88,brewed in 2 litres,,,,2022Mar31Purchase has a ratio of 2.76 grams spice to 1g black tea from 2022Mar31PurchaseBlackTea,
2022-01-09 Purchase Spices,fenugreek seeds,110,grams,$0.03,$2.97,25.00%,,,,,,,,,,,,,,,,,,,Brew 1,cinnamon quills,32,,,grams,82.29,$2.63,brewed in 2 litres,,,,2022Mar31PurchaseBlackTea black tea ratio as a percentage: 36.24% of 2022Mar31Purchase,
2022-01-09 Purchase Spices,dandelion root,95,grams,$0.07,$6.46,21.59%,,,,,,,,,,,,,,,,,,,Brew 1,fenugreek,38,,,grams,25.95,$0.99,brewed in 1 litre,,,,2022Mar31PurchaseBlackTea black tea ratio as a percentage: 36.24% of 2022Mar31Purchase,
2022-01-09 Purchase Spices,cardamom pods,45,grams,$0.19,$8.55,10.23%,,,,,,,,,,,,,,,,,,,Brew 1,Brew 1,weight,,,,,$6.99,,,,,average 15g per brew,
2022-01-09 Purchase Spices,lemon grass,45,grams,$0.05,$2.43,10.23%,,,,,,,,,,,,,,,,,,,Brew 1,bottle,440,,,grams,,,,,,,estimated 2022Mar31Purchase brewings: 104,
2022-01-09 Purchase Spices,cloves,50,grams,$0.04,$2.15,11.36%,,,,,,,,,,,,,,,,,,,Brew 1,cacao nibs and fenugreek,314,,,grams ,$2.49,$0.78, & made 1296 millilitres,,,,,ratio = blend / ingredient
Jan22,2022-01-09 Purchase Spices,160,grams,$0.07,$10.58,58.18%,,,,,,,,,,,,,,,,,,,Brew 1,"cinnamon, myrtle, licorice",271,,,grams,$4.51,$1.22, & made 1264 millilitres,,,,Ratio 1:7 tea to April22 blend which is just over 14% black tea,
Jan22,2022-01-22 Purchase Black Tea,115,grams,$0.05,$6.32,41.82%,,,,,,,,,,,,,,,,,,,Brew 1,water,209,,,,,,,,,,blend more black tea,
Feb22,2022-01-09 Purchase Spices,280,grams,$0.07,$18.52,58.33%,,,,,,,,,,,,,,,,,,,,total,1234,794,,"gram bottle of cinnamon, myrtle, licorice, cacao nibs and fenugreek tea",,,,,,,April22 blend of black tea: 14.49% which is approximately 1:7 ratio,
Feb22,2022-01-22 Purchase Black Tea,200,grams,$0.05,$11.00,41.67%,,,,,,,,,,,,,,,,,,,,,,763,,,,,,,,,Modification ratio of April22Blend2 is 1:2 tea to April22 blend,
2022-02-05 Purchase Black Tea,black tea,190,grams,$0.06,$11.78,100.00%,,,,,,,,,,,,,,,,,,,,,,,,,,,,,,,May22Brew 250ml tea: $2.85,
2022-02-05 Purchase Nettle,nettle,70,grams,$0.08,$5.60,100.00%,Note: =29.11/440*1000 = $66.16; There was 26.2g of nettle remaining from 2022-02-05 Purchase Nettle?,,,,,,,,,,,,,,,,,,Brew 2,cacao nibs and fenugreek,966,,,,,,,,,,May22Brew 80ml tea: $0.91,
2022-02-05 Purchase Cinnamon,cinnamon quills,80,grams,$0.08,$6.40,100.00%,,,,,,,,,,,,,,,,,,,Brew 2,"cinnamon, myrtle, licorice",985,,,,,,,,,44723,A typical serving size is 225g,
Feb22Brew,Feb22,50,grams,$0.06,$3.07,10.64%,,,,,,,,,,,,,,,,,,,,total,1951,,,,,,,,,44723,771g left over after approximately 10 serves,
Feb22Brew,2022-02-05 Purchase black tea,20,grams,$0.06,$1.24,4.26%,,,,,,,,,,,,,,,,,,,,total brew ,,,,,,,,,,44723,Total brew amount: 3021ml approx 3L,
Feb22Brew,water,400,grams,$0.00,$0.18,85.11%,,,,,,,,,,,,,,,,,,,,1296,,,,,,,,,,ginger,1000g down to 850g,
Feb22Blend2,Feb22,40,grams,$0.06,$2.46,5.57%,,,,,,,,,,,,,,,,,,,,1264,,,,,,,,,,,1000g down to 775,
Feb22Blend2,2022-02-05 Purchase Black Tea,15,grams,$0.06,$0.93,2.09%,,,,,,,,,,,,,,,,,,,,2560,3185,,,,,,,,,,20% reduction peeling & cleaning,
Feb22Blend2,2022-02-05 Purchase Nettle,28,grams,$0.08,$2.24,3.90%,,,,,,,,,,,,,,,,,,,,,,,,,,,,,,,3480g grated raw to 809g dehydrate ,
Feb22Blend2,2022-02-05 Purchase Cinnamon,80,grams,$0.08,$6.40,11.13%,,,,,,,,,,,,,,,,,,,,roasted dandelion,22,grams,,29.95,0.6589,,,,,,750g powder,
Feb22Blend2,Feb22,397,grams,$0.06,$24.42,55.25%,,,,,,,,,,,,,,,,,,,,water,500,millilitres ,,,,,,,,,130/kg,
Feb22Blend2,2022-02-05 Purchase Black Tea,158.5,grams,$0.06,$9.83,22.06%,,,,,,,,,,,,,,,,,,,,,,,,,,,,,,,30/kg clean,
Feb22ReturnFromFabio,Feb22,60,grams,$0.06,$3.69,100.00%,,,,,,,,,,,,,,,,,,,,coffee beans,35,grams,,12.99,0.45465,,,,,,3.5kg into dehydrator,
Feb22GiftToFabio,2022-02-05 Purchase Black Tea,32.5,grams,$0.06,$2.01,67.29%,,,,,,,,,,,,,,,,,,,,coffee beans,70,grams,,12.99,0.9093,,,,,,800g dehydrated root,
Feb22GiftToFabio,2022-02-05 Purchase Nettle,15.8,grams,$0.08,$1.26,32.71%,,,,,,,,,,,,,,,,,,,,coffee beans,100,grams,,12.99,1.299,John's Brew,,,,,1.5hrs,
Packagings: Rosella Jam Jar,Feb22Blend2,93.4,grams,$0.06,$6.01,100.00%,,,,,,,,,,,,,,,,,,,,roasted dandelion,51,grams,,29.95,1.52745,$8.52,,,,,next brew,
Packagings: St. Dalfour Jam Jar,Feb22Blend2,56.1,grams,$0.06,$3.61,100.00%,,,,,,,,,,,,,,,,,,,,water,1100,millilitres,,,,,,,,,have 50g of ginger left over equal to 250g fresh cut ginger,
Packagings: $1 BigW Jar ,Feb22Blend2,48.3,grams,$0.06,$3.11,100.00%,,,,,,,,,,,,,,,,,,,,,,,,,,,,,,,next blend,
Packagings: Bamboo Lid Jar,Feb22Blend2,291.8,grams,$0.06,$18.79,100.00%,,,,,,,,,,,,,,,,,,,,water,1500,millilitres,,,,,,,,,will probably aim for 3kg,
Packagings: Protect The Sacred Love Bag,Feb22Blend2,88.9,grams,$0.06,$5.72,100.00%,,,,,,,,,,,,,,,,,,,,quinoa,50,grams,,,,,,,,have:,130g black tea,
Packagings: Brown Paper Bag,Feb22Blend2,90.7,grams,$0.06,$5.84,100.00%,,,,,,,,,,,,,,,,,,,,buckwheat,50,grams,,,,,,,,,50g lemon grass,
Feb22BrewForFabio,Feb22Blend2,25.2,grams,$0.06,$1.62,100.00%,,,,,,,,,,,,,,,,,,,,oats,250,grams,,,,,,,,,33.8g nettle,
2022Mar31Purchase,cinnamon quills,115,grams,$0.09,$10.58,10.04%,,,,,,,,,,,,,,,,,,,,,,,,,,,,,,,71g moringa leaf,
2022Mar31Purchase,licorice root,135,grams,$0.07,$8.78,11.79%,,,,,,,,,,,,,,,,,,,,,,,,,,,,,,,11.8g clove,
2022Mar31Purchase,fenugreek seeds,250,grams,$0.03,$7.50,21.83%,,,,,,,,,,,,,,,,,,,John's brew #2,cinnamon,45,grams,,82.29,3.70305,,,,,Brew 2022-06-22 notes,,
2022Mar31Purchase,dandelion root,170,grams,$0.08,$13.09,14.85%,,,,,,,,,,,,,,,,,,,John's brew #2,water,1.5,litres,,,,,,,,,1165g brew,
2022Mar31Purchase,cardamom pods,85,grams,$0.20,$16.92,7.42%,,,,,,,,,,,,,,,,,,,,,,,,,,,,,,,578g brewed blend,
2022Mar31Purchase,lemon grass,105,grams,$0.05,$5.67,9.17%,,,,,,,,,,,,,,,,,,,John's brew #2,lemon myrtle,1,handful,,,,,,,,,1743,
2022Mar31Purchase,cloves,55,grams,$0.09,$4.79,4.80%,,,,,,,,,,,,,,,,,,,John's brew #2,water,2,litres,,,,,,,,,(220g blend used),
2022Mar31Purchase,nettle,60,grams,$0.08,$4.80,5.24%,,,,,,,,,,,,,,,,,,,,,,,,,,,,,,,,
2022Mar31Purchase,star anise,35,grams,$0.13,$4.69,3.06%,,,,,,,,,,,,,,,,,,,,Gas,321,seconds,,1,0.321,,,,,,,
2022Mar31Purchase,moringa leaf,135,grams,$0.07,$9.32,11.79%,,,,,,,,,,,,,,,,,,,,,,,,,,,,,,,,
2022Mar31PurchaseBlackTea,black tea,415,grams,$0.06,$24.90,100.00%,,,,,,,,,,,,,,,,,,,John's brew #2,roasted dandelion,50,grams,,29.95,1.4975,,,,,,,
April22Blend,cinnamon quills,115,grams,$0.09,$10.58,8.39%,,,,,,,,,,,,,,,,,,,John's brew #2,water,1.5,litres,,resulted in 1 litre,,,,,,,,
April22Blend,licorice root,131,grams,$0.07,$8.52,9.56%,,,,,,,,,,,,,,,,,,,,,,,,,,,,,,,,
April22Blend,fenugreek seeds,250,grams,$0.03,$7.50,18.25%,,,,,,,,,,,,,,,,,,,John's brew #2,jiaogulan,8,grams,,262.5,2.1,,,,,,,
April22Blend,dandelion root,168.5,grams,$0.08,$12.97,12.30%,,,,,,,,,,,,,,,,,,,,,,,,,,,,,,,,
April22Blend,cardamom pods,81,grams,$0.20,$16.12,5.91%,,,,,,,,,,,,,,,,,,,John's brew #2,organic Echinacea,13.4,grams,,1000,156,$2.09,,,,,,
April22Blend,lemon grass,50,grams,$0.05,$2.70,3.65%,,,,,,,,,,,,,,,,,,,,,,,,,,,,,,,,
April22Blend,cloves,35,grams,$0.09,$3.05,2.55%,,,,,,,,,,,,,,,,,,,kombucha,black tea,12.8,grams,,1000,12.8,,,,,,,
April22Blend,nettle leaves,36.5,grams,$0.08,$2.92,2.66%,,,,,,,,,,,,,,,,,,,,,3,grams,,,,,,,,,,
April22Blend,star anise,32,grams,$0.13,$4.29,2.34%,,,,,,,,,,,,,,,,,,,kombucha,coconut sugar,44.3,grams,,500,22.15,,,,,,,
April22Blend,moringa leaf,65,grams,$0.07,$4.49,4.74%,,,,,,,,,,,,,,,,,,,,,,,,,,,,,,,,
April22Blend,ginger leaf home grown,10,grams,$0.20,$2.00,0.73%,,,,,,,,,,,,,,,,,,,,teaspoon,2.3,grams,,,,,,,,,,
April22Blend,roasted barley Dawn bought,151.5,grams,$0.01,$0.76,11.06%,,,,,,,,,,,,,,,,,,,,6,13.8,grams,,,,,,,,,,
April22Blend,green tea Dawn bought,46,grams,$0.06,$2.76,3.36%,,,,,,,,,,,,,,,,,,,,,,,,,,,,,,,,
April22Blend,2022Mar31PurchaseBlackTea,198.5,grams,$0.06,$11.91,14.49%,,,,,,,,,,,,,,,,,,,,,,,,,,,,,,,,
April22Blend2,April22Blend,115.7,grams,$0.07,$7.65,66.61%,,,,,,,,,,,,,,,,,,,,,,,,,,,,,,,,
April22Blend2,2022Mar31PurchaseBlackTea,58,grams,$0.06,$3.48,33.39%,,,,,,,,,,,,,,,,,,,,,,,,,,,,,,,,
May22Blend,home grown ginger leaf,8.9,grams,$0.20,$1.78,1.08%,,,,,,,,,,,,,,,,,,,,,,,,,,,,,,,,
May22Blend,zarra Ridge ginger,383.3,grams,$0.05,$19.17,46.35%,,,,,,,,,,,,,,,,,,,,,,,,,,,,,,,,
May22Blend,lemon myrtle,3.4,grams,$0.20,$0.68,0.41%,,,,,,,,,,,,,,,,,,,,,,,,,,,,,,,,
May22Blend,April22Blend,257.9,grams,$0.07,$17.05,31.19%,,,,,,11/06/2022 00:00:00,,,,,,,,,,,,,,,,,,,,,,,,,,
May22Blend,mountain top bundja coffee,133.2,grams,$0.03,$4.00,16.11%,,,,,,,,,,,,,,,,,,,,,,,,,,,,,,,,
May22Blend,2022Mar31PurchaseBlackTea,40.2,grams,$0.06,$2.41,4.86%,,,,,,,,,,,,,,,,,,,,,,,,,,,,,,,,
May22Brew,May22Blend,276,grams,$0.05,$15.05,6.94%,,,,,,,,,,,,,,,,,,,,,,,,,,,,,,,,
May22Brew,water,3200,grams,$0.00,$1.41,80.48%,,,,,,,,,,,,,,,,,,,,,,,,,,,,,,,,
May22Brew,milk,200,grams,$0.00,$0.34,5.03%,,,,,,,,,,,,,,,,,,,,,,,,,,,,,,,,
May22Brew,honey,300,grams,$0.06,$18.00,7.55%,,,,,,,,,,,,,,,,,,,,,,,,,,,,,,,,
2022-06-11 Brew,April22Blend,52.2,grams,$0.07,$3.45,1.50%,,,,,,,,,,,,,,,,,,,,,,,,,,,,,,,,
2022-06-11 Brew,2022Mar31PurchaseBlackTea,11.8,grams,$0.06,$0.71,0.34%,,,,,,,,,,,,,,,,,,,,,,,,,,,,,,,,
2022-06-11 Brew,cacao nibs,10.8,grams,$0.02,$0.24,0.31%,,,,,,,,,,,,,,,,,,,,,,,,,,,,,,,,
2022-06-11 Brew,lemon myrtle,1.3,grams,$0.20,$0.26,0.04%,,,,,,,,,,,,,,,,,,,,,,,,,,,,,,,,
2022-06-11 Brew,water,3400,grams,$0.00,$1.50,97.81%,,,,,,,,,,,,,,,,,,,,,,,,,,,,,,,,
2022-06-11 Brew kombucha in large jar,water,481,grams,$0.00,$0.21,28.18%,30 degrees celsius,,,,,,,,,,,,,,,,,,,,,,,,,,,,,,,
2022-06-11 Brew kombucha in large jar,Rapadura Sugar,62,grams,$0.01,$0.56,3.63%,,,,,,,,,,,,,,,,,,,,,,,,,,,,,,,,
2022-06-11 Brew kombucha in large jar,water,786,grams,$0.00,$0.35,46.05%,,,,,,,,,,,,,,,,,,,,,,,,,,,,,,,,
2022-06-11 Brew kombucha in large jar,2022-06-11 Brew,280,grams,$0.00,$0.50,16.40%,,,,,,,,,,,,,,,,,,,,,,,,,,,,,,,,
2022-06-11 Brew kombucha in large jar,scoby,98,grams,$0.01,$0.98,5.74%,,,,,,,,,,,,,,,,,,,,,,,,,,,,,,,,
2022-06-11 Brew kombucha in small jar,Rapadura Sugar,87,grams,$0.01,$0.78,10.06%,,,,,,,,,,,,,,,,,,,,,,,,,,,,,,,,
2022-06-11 Brew kombucha in small jar,water,500,grams,$0.00,$0.22,57.80%,55 degrees Celsius,,,,,,,,,,,,,,,,,,,,,,,,,,,,,,,
2022-06-11 Brew kombucha in small jar,2022-06-11 Brew,220,grams,$0.00,$0.39,25.43%,,,,,,,,,,,,,,,,,,,,,,,,,,,,,,,,
2022-06-11 Brew kombucha in small jar,scoby,58,grams,$0.01,$0.58,6.71%,,,,,,,,,,,,,,,,,,,,,,,,,,,,,,,,
2022-06-06 Brew,zest shikisso guji oromia Ethiopia washed filter roast,15,grams,$0.06,$0.90,16.11%,,,,,,,,,,,,,,,,,,,,,,,,,,,,,,,,
2022-06-06 Brew,mountain top bundja coffee,23.5,grams,$0.04,$0.99,25.24%,,,,,,,,,,,,,,,,,,,,,,,,,,,,,,,,
2022-06-06 Brew,April22Blend,27.2,grams,$0.07,$1.80,29.22%,,,,,,,,,,,,,,,,,,,,,,,,,,,,,,,,
2022-06-06 Brew,2022Mar31PurchaseBlackTea,5.1,grams,$0.06,$0.31,5.48%,,,,,,,,,,,,,,,,,,,,,,,,,,,,,,,,
2022-06-06 Brew,cacao nibs,12,grams,$0.02,$0.26,12.89%,,,,,,,,,,,,,,,,,,,,,,,,,,,,,,,,
2022-06-06 Brew,lemon myrtle,1.1,grams,$0.20,$0.22,1.18%,,,,,,,,,,,,,,,,,,,,,,,,,,,,,,,,
2022-06-06 Brew,ginger,9.2,grams,$0.05,$0.46,9.88%,,,,,,,,,,,,,,,,,,,,,,,,,,,,,,,,
2022-06-07 Oat Milk Brew,Oat Milk,300,grams,$0.00,$1.35,51.46%,,,,,,,,,,,,,,,,,,,,,,,,,,,,,,,,
2022-06-07 Oat Milk Brew,2022-06-06 Brew,283,grams,$0.05,$15.00,48.54%,,,,,,,,,,,,,,,,,,,,,,,,,,,,,,,,
2022-06-07 Oat Milk Honey Brew,Honey,20,grams,$0.06,$1.20,6.60%,,,,,,,,,,,,,,,,,,,,,,,,,,,,,,,,
2022-06-07 Oat Milk Honey Brew,2022-06-06 Brew,283,grams,$0.05,$15.00,93.40%,,,,,,,,,,,,,,,,,,,,,,,,,,,,,,,,
2022-06-07 Brew,zest shikisso guji oromia Ethiopia washed filter roast,20.2,grams,$0.06,$1.21,1.08%,,,,,,,,,,,,,,,,,,,,,,,,,,,,,,,,
2022-06-07 Brew,mountain top bundja coffee,37.5,grams,$0.04,$1.58,2.00%,,,,,,,,,,,,,,,,,,,,,,,,,,,,,,,,
2022-06-07 Brew,April22Blend,45.1,grams,$0.07,$2.98,2.41%,,,,,,,,,,,,,,,,,,,,,,,,,,,,,,,,
2022-06-07 Brew,2022Mar31PurchaseBlackTea,20.4,grams,$0.06,$1.22,1.09%,,,,,,,,,,,,,,,,,,,,,,,,,,,,,,,,
2022-06-07 Brew,cacao nibs,21.8,grams,$0.02,$0.48,1.16%,,,,,,,,,,,,,,,,,,,,,,,,,,,,,,,,
2022-06-07 Brew,lemon myrtle,1.3,grams,$0.20,$0.26,0.07%,,,,,,,,,,,,,,,,,,,,,,,,,,,,,,,,
2022-06-07 Brew,ginger,25.5,grams,$0.05,$1.28,1.36%,,,,,,,,,,,,,,,,,,,,,,,,,,,,,,,,
2022-06-07 Brew,water,1700,grams,$0.00,$0.75,90.82%,,,,,,,,,,,,,,,,,,,,,,,,,,,,,,,,
2022-06-08 Brew,2022-06-07 Brew,1000,grams,$0.01,$5.21,84.03%,,,,,,,,,,,,,,,,,,,,,,,,,,,,,,,,
2022-06-08 Brew,oat milk,100,grams,$0.00,$0.45,8.40%,,,,,,,,,,,,,,,,,,,,,,,,,,,,,,,,
2022-06-08 Brew,turmeric honey,90,grams,$0.06,$5.40,7.56%,,,,,,,,,,,,,,,,,,,,,,,,,,,,,,,,
2022-06-14 Brew,water,3000,grams,$0.00,$1.32,92.47%,,,,,,,,,,,,,,,,,,,,,,,,,,,,,,,,
2022-06-14 Brew,ginger,110,grams,$0.03,$3.30,3.39%,,,,,,,,,,,,,,,,,,,,,,,,,,,,,,,,
2022-06-14 Brew,lemon myrtle,2.2,grams,$0.20,$0.44,0.07%,,,,,,,,,,,,,,,,,,,,,,,,,,,,,,,,
2022-06-14 Brew,April22Blend,73.4,grams,$0.07,$4.85,2.26%,,,,,,,,,,,,,,,,,,,,,,,,,,,,,,,,
2022-06-14 Brew,2022Mar31PurchaseBlackTea,27.8,grams,$0.06,$1.67,0.86%,,,,,,,,,,,,,,,,,,,,,,,,,,,,,,,,
2022-06-14 Brew,cacao nibs,30.8,grams,$0.02,$0.68,0.95%,,,,,,,,,,,,,,,,,,,,,,,,,,,,,,,,
2022-06-19 Brew,water,4000,grams,$0.00,$1.76,93.43%,,,,,,,,,,,,,,,,,,,,,,,,,,,,,,,,
2022-06-19 Brew,ginger,80,grams,$0.03,$2.40,1.87%,,,,,,,,,,,,,,,,,,,,,,,,,,,,,,,,
2022-06-19 Brew,lemon myrtle,2.4,grams,$0.20,$0.48,0.06%,,,,,,,,,,,,,,,,,,,,,,,,,,,,,,,,
2022-06-19 Brew,April22Blend,65.6,grams,$0.07,$4.34,1.53%,,,,,,,,,,,,,,,,,,,,,,,,,,,,,,,,
2022-06-19 Brew,2022Mar31PurchaseBlackTea,21.9,grams,$0.06,$1.31,0.51%,,,,,,,,,,,,,,,,,,,,,,,,,,,,,,,,
2022-06-19 Brew,cacao nibs,30.7,grams,$0.02,$0.68,0.72%,,,,,,,,,,,,,,,,,,,,,,,,,,,,,,,,
2022-06-19 Brew,mountain top bundja coffee,80.7,grams,$0.04,$3.39,1.88%,,,,,,,,,,,,,,,,,,,,,,,,,,,,,,,,
2022-06-22 Brew,cacao nibs,56,grams,$0.02,$1.23,2.61%,,,,,,,,,,,,,,,,,,,,,,,,,,,,,,,,
2022-06-22 Brew,"las lajas, alajuela, Costa Rica",75.5,grams,$0.10,$7.25,3.52%,,,,,,,,,,,,,,,,,,,,,,,,,,,,,,,,
2022-06-22 Brew,April22Blend,65.5,grams,$0.07,$4.33,3.06%,,,,,,,,,,,,,,,,,,,,,,,,,,,,,,,,
2022-06-22 Brew,lemon myrtle,1.8,grams,$0.40,$0.72,0.08%,,,,,,,,,,,,,,,,,,,,,,,,,,,,,,,,
2022-06-22 Brew,dried ginger,20.6,grams,$0.13,$2.68,0.96%,,,,,,,,,,,,,,,,,,,,,,,,,,,,,,,,
2022-06-22 Brew,water,1700,grams,$0.00,$0.75,79.35%,,,,,,,,,,,,,,,,,,,,,,,,,,,,,,,,
2022-06-22 Brew,turmeric honey,65,grams,$0.06,$3.90,3.03%,,,,,,,,,,,,,,,,,,,,,,,,,,,,,,,,
2022-06-22 Brew,hunt and brew extra creamy milk,158,grams,$0.00,$0.51,7.37%,,,,,,,,,,,,,,,,,,,,,,,,,,,,,,,,
July22Purchase,black tea,225,grams,$0.06,$13.95,18.60%,,,,,,,,,,,,,,,,,,,,,,,,,,,,,,,,
July22Purchase,cinnamon quills,135,grams,$0.09,$12.55,11.16%,,,,,,,,,,,,,,,,,,,,,,,,,,,,,,,,
July22Purchase,licorice root,155,grams,$0.06,$8.99,12.81%,,,,,,,,,,,,,,,,,,,,,,,,,,,,,,,,
July22Purchase,fenugreek seeds,145,grams,$0.03,$3.91,11.98%,,,,,,,,,,,,,,,,,,,,,,,,,,,,,,,,
July22Purchase,dandelion root,225,grams,$0.08,$18.22,18.60%,,,,,,,,,,,,,,,,,,,,,,,,,,,,,,,,
July22Purchase,cardamom pods,125,grams,$0.20,$24.75,10.33%,,,,,,,,,,,,,,,,,,,,,,,,,,,,,,,,
July22Purchase,lemon grass,65,grams,$0.05,$3.51,5.37%,,,,,,,,,,,,,,,,,,,,,,,,,,,,,,,,
July22Purchase,star anise,60,grams,$0.13,$8.04,4.96%,,,,,,,,,,,,,,,,,,,,,,,,,,,,,,,,
July22Purchase,moringa leaf,75,grams,$0.07,$4.95,6.20%,,,,,,,,,,,,,,,,,,,,,,,,,,,,,,,,
2022-07-17 Blend,black tea,323,grams,$0.06,$20.02,22.65%,,,,,,,,,,,,,,,,,,,,,,,,,,,,,,,,
2022-07-17 Blend,cinnamon quills,106,grams,$0.09,$9.86,7.43%,,,,,,,,,,,,,,,,,,,,,,,,,,,,,,,,
2022-07-17 Blend,licorice root,113,grams,$0.06,$6.55,7.92%,,,,,,,,,,,,,,,,,,,,,,,,,,,,,,,,
2022-07-17 Blend,fenugreek seeds,152,grams,$0.03,$4.10,10.66%,,,,,,,,,,,,,,,,,,,,,,,,,,,,,,,,
2022-07-17 Blend,dandelion root,226,grams,$0.08,$18.30,15.85%,,,,,,,,,,,,,,,,,,,,,,,,,,,,,,,,
2022-07-17 Blend,cardamom pods,100,grams,$0.20,$19.80,7.01%,,,,,,,,,,,,,,,,,,,,,,,,,,,,,,,,
2022-07-17 Blend,lemon grass,107,grams,$0.05,$5.78,7.50%,,,,,,,,,,,,,,,,,,,,,,,,,,,,,,,,
2022-07-17 Blend,star anise,48,grams,$0.13,$6.43,3.37%,,,,,,,,,,,,,,,,,,,,,,,,,,,,,,,,
2022-07-17 Blend,moringa leaf,66,grams,$0.07,$4.36,4.63%,,,,,,,,,,,,,,,,,,,,,,,,,,,,,,,,
2022-07-17 Blend,Nettle Leaf,35,grams,$0.08,$2.80,2.45%,,,,,,,,,,,,,,,,,,,,,,,,,,,,,,,,
2022-07-17 Blend,Cloves,11,grams,$0.09,$0.96,0.77%,,,,,,,,,,,,,,,,,,,,,,,,,,,,,,,,
2022-07-17 Blend,Dried Farm Ginger,139,grams,$0.06,$8.34,9.75%,,,,,,,,,,,,,,,,,,,,,,,,,,,,,,,,
20220717GingerBrew,Rain Water,848,grams,$0.00,$0.00,93.65%,,,,,,,,,,,,,,,,,,,,,,,,,,,,,,,,
20220717GingerBrew,Farm Ginger,39,grams,$0.02,$0.59,4.31%,,,,,,,,,,,,,,,,,,,,,,,,,,,,,,,,
20220717GingerBrew,Dried Farm Soursop Leaves,2.3,grams,$0.30,$0.69,0.25%,,,,,,,,,,,,,,,,,,,,,,,,,,,,,,,,
20220717GingerBrew,Black tea,16.2,grams,$0.30,$4.86,1.79%,,,,,,,,,,,,,,,,,,,,,,,,,,,,,,,,
2022-07-17 Blend Large Glass Container,2022-07-17 Blend,600,grams,$0.08,$45.15,100.00%,,,,,,,,,,,,,,,,,,,,,,,,,,,,,,,,
2022-07-17 Blend Lemon Lime Glass Container,2022-07-17 Blend,500,grams,$0.08,$37.62,100.00%,,,,,,,,,,,,,,,,,,,,,,,,,,,,,,,,
2022-07-17 Blend $3 Rubber Seal Glass Container,2022-07-17 Blend,305,grams,$0.08,$22.95,100.00%,,,,,,,,,,,,,,,,,,,,,,,,,,,,,,,,
2022-07-17 Blend BigW $1 Glass Container,2022-07-17 Blend,50,grams,$0.08,$3.76,100.00%,,,,,,,,,,,,,,,,,,,,,,,,,,,,,,,,
2022-08-08 brew,2022-07-17 Blend,49.2,grams,$0.08,$3.70,2.39%,,,,,,,,,,,,,,,,,,,,,,,,,,,,,,,,
2022-08-08 brew,lemon myrtle,4.1,grams,$0.40,$1.64,0.20%,,,,,,,,,,,,,,,,,,,,,,,,,,,,,,,,
2022-08-08 brew,mate,8.5,grams,$0.05,$0.44,0.41%,,,,,,,,,,,,,,,,,,,,,,,,,,,,,,,,
2022-08-08 brew,water,2000,grams,$0.00,$2.00,97.00%,,,,,,,,,,,,,,,,,,,,,,,,,,,,,,,,
2022-08-08 brew small cup,2022-08-08 brew,80.5,grams,$0.00,$0.30,84.56%,,,,,,,,,,,,,,,,,,,,,,,,,,,,,,,,
2022-08-08 brew small cup,turmeric honey,14.7,grams,$0.06,$0.88,15.44%,,,,,,,,,,,,,,,,,,,,,,,,,,,,,,,,
2022-08-08 brew 1L glass jar,2022-08-08 brew,1147,grams,$0.00,$4.33,94.09%,,,,,,,,,,,,,,,,,,,,,,,,,,,,,,,,
2022-08-08 brew 1L glass jar,turmeric honey,72,grams,$0.06,$4.32,5.91%,,,,,,,,,,,,,,,,,,,,,,,,,,,,,,,,
2022-07-17 Blend: $1 BigW Jar ,2022-07-17 Blend,50,grams,$0.08,$3.76,100.00%,,,,,,,,,,,,,,,,,,,,,,,,,,,,,,,,
2022-08-11 brew,"ginger & loquot leaf, dried",40.4,grams,$0.00,$0.04,1.94%,,,,,,,,,,,,,,,,,,,,,,,,,,,,,,,,
2022-08-11 brew,2022-07-17 Blend,32,grams,$0.08,$2.41,1.54%,,,,,,,,,,,,,,,,,,,,,,,,,,,,,,,,
2022-08-11 brew,water,2000,grams,$0.00,$2.00,96.01%,,,,,,,,,,,,,,,,,,,,,,,,,,,,,,,,
2022-08-11 brew,mate,10.8,grams,$0.05,$0.56,0.52%,,,,,,,,,,,,,,,,,,,,,,,,,,,,,,,,
2022-08-20 brew,2022-07-17 Blend,49.5,grams,$0.08,$3.72,2.96%,,,,,,,,,,,,,,,,,,,,,,,,,,,,,,,,
2022-08-20 brew,rain water,1600,grams,$0.00,$1.60,95.70%,,,,,,,,,,,,,,,,,,,,,,,,,,,,,,,,
2022-08-20 brew,mate,19.4,grams,$0.05,$1.01,1.16%,,,,,,,,,,,,,,,,,,,,,,,,,,,,,,,,
2022-08-20 brew,lemon myrtle,3,grams,$0.40,$1.20,0.18%,,,,,,,,,,,,,,,,,,,,,,,,,,,,,,,,
2022-08-20 peace cup,turmeric honey,47,grams,$0.06,$2.82,14.60%,,,,,,,,,,,,,,,,,,,,,,,,,,,,,,,,
2022-08-20 peace cup,2022-08-20 brew,216,grams,$0.00,$0.97,67.08%,,,,,,,,,,,,,,,,,,,,,,,,,,,,,,,,
2022-08-20 peace cup,2022-08-20 coffee brew,59,grams,$0.00,$0.22,18.32%,,,,,,,,,,,,,,,,,,,,,,,,,,,,,,,,
2022-08-20 coffee brew,mountain top coffee bundja,35,grams,$0.04,$1.40,9.09%,,,,,,,,,,,,,,,,,,,,,,,,,,,,,,,,
2022-08-20 coffee brew,filtered water,350,grams,$0.00,$0.04,90.91%,,,,,,,,,,,,,,,,,,,,,,,,,,,,,,,,
2022-08-24 brew,2022-07-17 Blend,59.6,grams,$0.08,$4.48,1.45%,,,,,,,,,,,,,,,,,,,,,,,,,,,,,,,,
2022-08-24 brew,filtered water,4000,grams,$0.00,$0.40,97.43%,,,,,,,,,,,,,,,,,,,,,,,,,,,,,,,,
2022-08-24 brew,mate,27.3,grams,$0.05,$1.42,0.66%,,,,,,,,,,,,,,,,,,,,,,,,,,,,,,,,
2022-08-24 brew,fine lemon myrtle,18.8,grams,$0.14,$2.54,0.46%,,,,,,,,,,,,,,,,,,,,,,,,,,,,,,,,
2022-08-28 brew,2022-07-17 Blend,75,grams,$0.08,$5.64,1.79%,,2022-08-30 hour brew,1.45%,75,,,,,,,,,,,,,,,,,,,,,,,,,,,,
2022-08-28 brew,filtered water,4000,grams,$0.00,$0.40,95.69%,,2022-08-30 hour brew,96.34%,5000,,,,,,,,,,,,,,,,,,,,,,,,,,,,
2022-08-28 brew,mate,15,grams,$0.05,$0.78,0.36%,,2022-08-30 hour brew,0.29%,15,,,,,,,,,,,,,,,,,,,,,,,,,,,,
2022-08-28 brew,fine lemon myrtle,60,grams,$0.14,$8.10,1.44%,,2022-08-30 hour brew,1.16%,60,,,,,,,,,,,,,,,,,,,,,,,,,,,,
2022-08-28 brew,fresh farm ginger,30,grams,$0.03,$0.90,0.72%,,2022-08-30 hour brew,0.58%,30,,,,,,,,,,,,,,,,,,,,,,,,,,,,
2022-08-30 hour brew,Xingjian's mums dandelion & lavender tea,10,grams,$0.30,$3.00,0.99%,,2022-08-28 brew,0.19%,10,,,,,,,,,,,,,,,,,,,,,,,,,,,,
2022-08-30 hour brew,filtered water,1000,grams,$0.00,$0.10,99.01%,,2022-08-28 brew,96.34%,5000,,,,,,,,,,,,,,,,,,,,,,,,,,,,
2022-08-31 brew blend,2022-08-30 hour brew,111,grams,$0.00,$0.34,29.68%,,2022-08-30 hour brew,8.02%,111,,,,,,,,,,,,,,,,,,,,,,,,,,,,
2022-08-31 brew blend,2022-08-28 brew,113,grams,$0.00,$0.43,30.21%,,2022-08-30 hour brew,8.16%,113,,,,,,,,,,,,,,,,,,,,,,,,,,,,
2022-08-31 brew blend,filtered water,150,grams,$0.00,$0.02,40.11%,,2022-08-30 hour brew,83.09%,1150,,,,,,,,,,,,,,,,,,,,,,,,,,,,
2022-09-01 brew,filtered water,4000,grams,$0.00,$0.40,96.36%,,,,,,,,,,,,,,,,,,,,,,,,,,,,,,,,
2022-09-01 brew,2022-07-17 Blend,33,grams,$0.08,$2.48,0.79%,,,,,,,,,,,,,,,,,,,,,,,,,,,,,,,,
2022-09-01 brew,mate,13,grams,$0.05,$0.68,0.31%,,,,,,,,,,,,,,,,,,,,,,,,,,,,,,,,
2022-09-01 brew,fine lemon myrtle,15,grams,$0.14,$2.03,0.36%,,,,,,,,,,,,,,,,,,,,,,,,,,,,,,,,
2022-09-01 brew,fresh farm ginger,85,grams,$0.03,$2.55,2.05%,,,,,,,,,,,,,,,,,,,,,,,,,,,,,,,,
2022-09-01 brew,Xingjian's mums dandelion & lavender tea,5,grams,$0.30,$1.50,0.12%,,,,,,,,,,,,,,,,,,,,,,,,,,,,,,,,
2022-09-06 brew,filtered water,4000,grams,$0.00,$0.40,96.41%,,,,,,,,,,,,,,,,,,,,,,,,,,,,,,,,
2022-09-06 brew,2022-07-17 Blend,50.7,grams,$0.08,$3.81,1.22%,,,,,,,,,,,,,,,,,,,,,,,,,,,,,,,,
2022-09-06 brew,mate,26.8,grams,$0.05,$1.39,0.65%,,,,,,,,,,,,,,,,,,,,,,,,,,,,,,,,
2022-09-06 brew,fine lemon myrtle,15.5,grams,$0.14,$2.09,0.37%,,,,,,,,,,,,,,,,,,,,,,,,,,,,,,,,
2022-09-06 brew,fresh farm ginger,45.8,grams,$0.03,$1.37,1.10%,,,,,,,,,,,,,,,,,,,,,,,,,,,,,,,,
2022-09-06 brew,Xingjian's mums dandelion & lavender tea,10.3,grams,$0.30,$3.09,0.25%,,,,,,,,,,,,,,,,,,,,,,,,,,,,,,,,
2022-09-17 blend,2022-07-17 Blend,55,grams,$0.08,$4.14,52.63%,,,,,,,,,,,,,,,,,,,,,,,,,,,,,,,,
2022-09-17 blend,mate,21.5,grams,$0.05,$1.12,20.57%,,,,,,,,,,,,,,,,,,,,,,,,,,,,,,,,
2022-09-17 blend,fine lemon myrtle,28,grams,$0.14,$3.78,26.79%,,,,,,,,,,,,,,,,,,,,,,,,,,,,,,,,
2022-09-17 brew,water,1200,grams,$0.00,$0.12,96.23%,,,,,,,,,,,,,,,,,,,,,,,,,,,,,,,,
2022-09-17 brew,2022-09-17 blend,47,grams,$0.09,$4.06,3.77%,,,,,,,,,,,,,,,,,,,,,,,,,,,,,,,,
2022-09-17 brew 2,water,1200,grams,$0.00,$0.12,97.09%,,,,,,,,,,,,,,,,,,,,,,,,,,,,,,,,
2022-09-17 brew 2,2022-09-17 blend,36,grams,$0.09,$3.11,2.91%,,,,,,,,,,,,,,,,,,,,,,,,,,,,,,,,
2022-09-19 blend,2022-07-17 Blend,216.7,grams,$0.08,$16.31,65.77%,,,,,,,,,,,,,,,,,,,,,,,,,,,,,,,,
2022-09-19 blend,mate,80.7,grams,$0.05,$4.20,24.49%,,,,,,,,,,,,,,,,,,,,,,,,,,,,,,,,
2022-09-19 blend,fine lemon myrtle,32.1,grams,$0.14,$4.33,9.74%,,,,,,,,,,,,,,,,,,,,,,,,,,,,,,,,
2022-09-19 brew,rain water,3000,grams,$0.00,$0.30,96.97%,,,,,,,,,,,,,,,,,,,,,,,,,,,,,,,,
2022-09-19 brew,2022-09-19 blend,93.8,grams,$0.08,$7.07,3.03%,,,,,,,,,,,,,,,,,,,,,,,,,,,,,,,,
2022-09-19 brew 900ml bottle,2022-09-19 brew,900,grams,$0.00,$2.14,100.00%,,,,,,,,,,,,,,,,,,,,,,,,,,,,,,,,
2022-09-23 brew,rain water,3000,grams,$0.00,$0.30,97.66%,,,,,,,,,,,,,,,,,,,,,,,,,,,,,,,,
2022-09-23 brew,2022-09-19 blend,49.3,grams,$0.08,$3.72,1.60%,,,,,,,,,,,,,,,,,,,,,,,,,,,,,,,,
2022-09-23 brew,fresh farm ginger,22.6,grams,$0.03,$0.68,0.74%,,,,,,,,,,,,,,,,,,,,,,,,,,,,,,,,
2022-09-27 brew,rain water,3450,grams,$0.00,$0.35,97.89%,,,,,,,,,,,,,,,,,,,,,,,,,,,,,,,,
2022-09-27 brew,2022-09-19 blend,41.4,grams,$0.08,$3.12,1.17%,,,,,,,,,,,,,,,,,,,,,,,,,,,,,,,,
2022-09-27 brew,fresh farm ginger,33,grams,$0.03,$0.99,0.94%,,,,,,,,,,,,,,,,,,,,,,,,,,,,,,,,
2022-09-30 brew,filtered water,3000,grams,$0.00,$0.30,98.54%,,,,,,,,,,,,,,,,,,,,,,,,,,,,,,,,
2022-09-30 brew,2022-09-19 blend,30,grams,$0.08,$2.26,0.99%,,,,,,,,,,,,,,,,,,,,,,,,,,,,,,,,
2022-09-30 brew,fresh farm ginger,14.5,grams,$0.03,$0.44,0.48%,,,,,,,,,,,,,,,,,,,,,,,,,,,,,,,,
2022-10-01 brew,filtered water,2000,grams,$0.00,$0.20,98.05%,,,,,,,,,,,,,,,,,,,,,,,,,,,,,,,,
2022-10-01 brew,2022-09-19 blend,30,grams,$0.08,$2.26,1.47%,,,,,,,,,,,,,,,,,,,,,,,,,,,,,,,,
2022-10-01 brew,fresh farm ginger,9.8,grams,$0.03,$0.29,0.48%,,,,,,,,,,,,,,,,,,,,,,,,,,,,,,,,
2022-10-03 brew,filtered water,2000,grams,$0.00,$0.20,98.05%,,,,,,,,,,,,,,,,,,,,,,,,,,,,,,,,
2022-10-03 brew,2022-09-19 blend,30,grams,$0.08,$2.26,1.47%,,,,,,,,,,,,,,,,,,,,,,,,,,,,,,,,
2022-10-03 brew,fresh farm ginger,9.8,grams,$0.03,$0.29,0.48%,,,,,,,,,,,,,,,,,,,,,,,,,,,,,,,,
2022-10-04 blend,mate,900,grams,$0.05,$46.80,14.17%,,,,,,,,,,,,,,,,,,,,,,,,,,,,,,,,
2022-10-04 blend,fine lemon myrtle,350,grams,$0.14,$47.25,5.51%,,,,,,,,,,,,,,,,,,,,,,,,,,,,,,,,
2022-10-04 blend,black tea,1500,grams,$0.04,$54.00,23.62%,,,,,,,,,,,,,,,,,,,,,,,,,,,,,,,,
2022-10-04 blend,Organic Ceylon Cinnamon Chips,500,grams,$0.05,$22.50,7.87%,,,,,,,,,,,,,,,,,,,,,,,,,,,,,,,,
2022-10-04 blend,Organic Liquorice Root,250,grams,$0.03,$8.28,3.94%,,,,,,,,,,,,,,,,,,,,,,,,,,,,,,,,
2022-10-04 blend,Organic Fenugreek Seed,250,grams,$0.02,$4.00,3.94%,,,,,,,,,,,,,,,,,,,,,,,,,,,,,,,,
2022-10-04 blend,Organic Roasted Dandelion Root,500,grams,$0.07,$34.95,7.87%,,,,,,,,,,,,,,,,,,,,,,,,,,,,,,,,
2022-10-04 blend,Organic Cardamom Pods,250,grams,$0.12,$17.48,3.94%,,,,,,,,,,,,,,,,,,,,,,,,,,,,,,,,
2022-10-04 blend,lemon grass,350,grams,,$0.00,5.51%,,,,,,,,,,,,,,,,,,,,,,,,,,,,,,,,
2022-10-04 blend,star anise,200,grams,,$0.00,3.15%,,,,,,,,,,,,,,,,,,,,,,,,,,,,,,,,
2022-10-04 blend,moringa leaf,350,grams,,$0.00,5.51%,,,,,,,,,,,,,,,,,,,,,,,,,,,,,,,,
2022-10-04 blend,Nettle Leaf,350,grams,,$0.00,5.51%,,,,,,,,,,,,,,,,,,,,,,,,,,,,,,,,
2022-10-04 blend,Cloves,100,grams,,$0.00,1.57%,,,,,,,,,,,,,,,,,,,,,,,,,,,,,,,,
2022-10-04 blend,Dried Farm Ginger,500,grams,,$0.00,7.87%,,,,,,,,,,,,,,,,,,,,,,,,,,,,,,,,
2022-10-04 brew,filtered water,3000,grams,$0.00,$0.30,98.56%,,,,,,,,,,,,,,,,,,,,,,,,,,,,,,,,
2022-10-04 brew,2022-09-19 blend,26.1,grams,$0.08,$1.97,0.86%,,,,,,,,,,,,,,,,,,,,,,,,,,,,,,,,
2022-10-04 brew,fresh farm ginger,17.6,grams,$0.03,$0.53,0.58%,,,,,,,,,,,,,,,,,,,,,,,,,,,,,,,,
2022-10-06 brew,filtered water,2500,grams,$0.00,$0.25,98.32%,,,,,,,,,,,,,,,,,,,,,,,,,,,,,,,,
2022-10-06 brew,2022-09-19 blend,26.7,grams,$0.08,$2.01,1.05%,,,,,,,,,,,,,,,,,,,,,,,,,,,,,,,,
2022-10-06 brew,fresh farm ginger,16.1,grams,$0.03,$0.48,0.63%,,,,,,,,,,,,,,,,,,,,,,,,,,,,,,,,
2022-10-11 brew,filtered water,2000,grams,$0.00,$0.20,97.13%,,,,,,,,,,,,,,,,,,,,,,,,,,,,,,,,
2022-10-11 brew,2022-09-19 blend,45.1,grams,$0.08,$3.40,2.19%,,,,,,,,,,,,,,,,,,,,,,,,,,,,,,,,
2022-10-11 brew,fresh farm ginger,14.1,grams,$0.03,$0.42,0.68%,,,,,,,,,,,,,,,,,,,,,,,,,,,,,,,,
2022-10-14 kombucha brew,filtered water,4000,grams,$0.00,$0.40,92.85%,,,,,,,,,,,,,,,,,,,,,,,,,,,,,,,,
2022-10-14 kombucha brew,certified organic black Ceylon tea,28.1,grams,$0.06,$1.74,0.65%,,,,,,,,,,,,,,,,,,,,,,,,,,,,,,,,
2022-10-14 kombucha brew,certified organic raw cane sugar,280,grams,$0.01,$1.40,6.50%,,,,,,,,,,,,,,,,,,,,,,,,,,,,,,,,
2022-10-19 brew,2022-10-18 blend,16,grams,$0.08,$1.20,2.52%,,,,,,,,,,,,,,,,,,,,,,,,,,,,,,,,
2022-10-19 brew,rain water,619,grams,$0.00,$0.06,97.48%,,,,,,,,,,,,,,,,,,,,,,,,,,,,,,,,
2022-10-20 brew,2022-10-18 blend,38,grams,$0.08,$2.85,100.00%,,,,,,,,,,,,,,,,,,,,,,,,,,,,,,,,
2022-11-04,rain water,1727,grams,$0.00,$0.17,97.22%,,,,,,,,,,,,,,,,,,,,,,,,,,,,,,,,
2022-11-04,cacao nibs,24.3,grams,$0.02,$0.53,1.37%,,,,,,,,,,,,,,,,,,,,,,,,,,,,,,,,
2022-11-04,yiyuan big leaf tea,12,grams,$0.06,$0.72,0.68%,,,,,,,,,,,,,,,,,,,,,,,,,,,,,,,,
2022-11-04,mate,13.1,grams,$0.05,$0.68,0.74%,,,,,,,,,,,,,,,,,,,,,,,,,,,,,,,,
2022-11-05 kombucha brew,filtered water,4000,grams,$0.00,$0.40,92.48%,,,,,,,,,,,,,,,,,,,,,,,,,,,,,,,,
2022-11-05 kombucha brew,certified organic black Ceylon tea,42.3,grams,$0.06,$2.62,0.98%,,,,,,,,,,,,,,,,,,,,,,,,,,,,,,,,
2022-11-05 kombucha brew,certified organic raw cane sugar,283,grams,$0.01,$1.42,6.54%,,,,,,,,,,,,,,,,,,,,,,,,,,,,,,,,
2022-11-07 roasted dandelion detox blend brew,roasted dandelion,10,grams,$0.06,$0.62,1.50%,,,,,,,,,,,,,,,,,,,,,,,,,,,,,,,,
2022-11-07 roasted dandelion detox blend brew,filtered water,500,grams,$0.00,$0.05,74.85%,,,,,,,,,,,,,,,,,,,,,,,,,,,,,,,,
2022-11-07 roasted dandelion detox blend brew,turmeric honey,16,grams,$0.06,$0.96,2.40%,,,,,,,,,,,,,,,,,,,,,,,,,,,,,,,,
2022-11-07 roasted dandelion detox blend brew,norco organic milk,142,grams,$0.00,$0.39,21.26%,,,,,,,,,,,,,,,,,,,,,,,,,,,,,,,,
2022-11-08 roasted dandelion detox blend brew,roasted dandelion,21,grams,$0.06,$1.30,1.93%,,,,,,,,,,,,,,,,,,,,,,,,,,,,,,,,
2022-11-08 roasted dandelion detox blend brew,filtered water,784,grams,$0.00,$0.08,72.19%,,,,,,,,,,,,,,,,,,,,,,,,,,,,,,,,
2022-11-08 roasted dandelion detox blend brew,turmeric honey,57,grams,$0.06,$3.42,5.25%,,,,,,,,,,,,,,,,,,,,,,,,,,,,,,,,
2022-11-08 roasted dandelion detox blend brew,norco organic milk,224,grams,$0.00,$0.61,20.63%,,,,,,,,,,,,,,,,,,,,,,,,,,,,,,,,
2022-11-08,filtered water,1000,grams,$0.00,$0.10,97.37%,,,,,,,,,,,,,,,,,,,,,,,,,,,,,,,,
2022-11-08,cacao nibs,11.9,grams,$0.02,$0.26,1.16%,,,,,,,,,,,,,,,,,,,,,,,,,,,,,,,,
2022-11-08,yiyuan big leaf tea,3.7,grams,$0.06,$0.22,0.36%,,,,,,,,,,,,,,,,,,,,,,,,,,,,,,,,
2022-11-08,mate,4.7,grams,$0.05,$0.24,0.46%,,,,,,,,,,,,,,,,,,,,,,,,,,,,,,,,
2022-11-08,organic black earl grey tea,6.7,grams,$0.07,$0.44,0.65%,,,,,,,,,,,,,,,,,,,,,,,,,,,,,,,,
2022-11-09,filtered water,1986,grams,$0.00,$0.20,98.13%,,,,,,,,,,,,,,,,,,,,,,,,,,,,,,,,
2022-11-09,cacao nibs,15.2,grams,$0.02,$0.33,0.75%,,,,,,,,,,,,,,,,,,,,,,,,,,,,,,,,
2022-11-09,yiyuan big leaf tea,7.8,grams,$0.06,$0.47,0.39%,,,,,,,,,,,,,,,,,,,,,,,,,,,,,,,,
2022-11-09,mate,6.1,grams,$0.05,$0.32,0.30%,,,,,,,,,,,,,,,,,,,,,,,,,,,,,,,,
2022-11-09,organic black earl grey tea,8.7,grams,$0.07,$0.57,0.43%,,,,,,,,,,,,,,,,,,,,,,,,,,,,,,,,
2022-11-10,filtered water,3350,grams,$0.00,$0.34,96.10%,,,,,,,,,,,,,,,,,,,,,,,,,,,,,,,,
2022-11-10,cacao nibs,34.9,grams,$0.02,$0.77,1.00%,,,,,,,,,,,,,,,,,,,,,,,,,,,,,,,,
2022-11-10,yiyuan big leaf tea,27,grams,$0.06,$1.62,0.77%,,,,,,,,,,,,,,,,,,,,,,,,,,,,,,,,
2022-11-10,mate,32.4,grams,$0.05,$1.68,0.93%,,,,,,,,,,,,,,,,,,,,,,,,,,,,,,,,
2022-11-10,organic black earl grey tea,25.4,grams,$0.07,$1.68,0.73%,,,,,,,,,,,,,,,,,,,,,,,,,,,,,,,,
2022-11-10,fine lemon myrtle,16.3,grams,$0.14,$2.20,0.47%,,,,,,,,,,,,,,,,,,,,,,,,,,,,,,,,
2022-11-13 brew,filtered water,4000,grams,$0.00,$0.40,94.71%,,,,,,,,,,,,,,,,,,,,,,,,,,,,,,,,
2022-11-13 brew,cacao nibs,68.2,grams,$0.02,$1.50,1.61%,,,,,,,,,,,,,,,,,,,,,,,,,,,,,,,,
2022-11-13 brew,yiyuan big leaf tea,42.6,grams,$0.06,$2.56,1.01%,,,,,,,,,,,,,,,,,,,,,,,,,,,,,,,,
2022-11-13 brew,mate,40.8,grams,$0.05,$2.12,0.97%,,,,,,,,,,,,,,,,,,,,,,,,,,,,,,,,
2022-11-13 brew,organic black earl grey tea,40.2,grams,$0.07,$2.65,0.95%,,,,,,,,,,,,,,,,,,,,,,,,,,,,,,,,
2022-11-13 brew,fine lemon myrtle,31.6,grams,$0.14,$4.27,0.75%,,,,,,,,,,,,,,,,,,,,,,,,,,,,,,,,
20.11.22 Alex's Intuitive blend brew,Organic Black Earl Grey Tea,149,g,$0.07,$9.83,6.31%,Organic Black Earl Grey Tea,,,,,,,,,,,,,,,,,,,,,,,,,,,,,,,
20.11.22 Alex's Intuitive blend brew,Cacao Nibs,129,g,$0.02,$2.84,5.46%,"Organic Black Earl Grey Tea, Cacao Nibs",,,,,,,,,,,,,,,,,,,,,,,,,,,,,,,
20.11.22 Alex's Intuitive blend brew,Organic Dandelion Root,152,g,$0.04,$6.46,6.43%,"Organic Black Earl Grey Tea, Cacao Nibs, Organic Dandelion Root",,,,,,,,,,,,,,,,,,,,,,,,,,,,,,,
20.11.22 Alex's Intuitive blend brew,Organic Ceylon Cinnamon Chips,189,g,$0.05,$8.51,8.00%,"Organic Black Earl Grey Tea, Cacao Nibs, Organic Dandelion Root, Organic Ceylon Cinnamon Chips",,,,,,,,,,,,,,,,,,,,,,,,,,,,,,,
20.11.22 Alex's Intuitive blend brew,Organic Liquorice Root,113,g,$0.03,$3.74,4.78%,"Organic Black Earl Grey Tea, Cacao Nibs, Organic Dandelion Root, Organic Ceylon Cinnamon Chips, Organic Liquorice Root",,,,,,,,,,,,,,,,,,,,,,,,,,,,,,,
20.11.22 Alex's Intuitive blend brew,Organic Fenugreek Seed,111,g,$0.03,$3.11,4.70%,"Organic Black Earl Grey Tea, Cacao Nibs, Organic Dandelion Root, Organic Ceylon Cinnamon Chips, Organic Liquorice Root, Organic Fenugreek Seed",,,,,,,,,,,,,,,,,,,,,,,,,,,,,,,
20.11.22 Alex's Intuitive blend brew,Organic Cut Star Anise,90,g,$0.06,$5.13,3.81%,"Organic Black Earl Grey Tea, Cacao Nibs, Organic Dandelion Root, Organic Ceylon Cinnamon Chips, Organic Liquorice Root, Organic Fenugreek Seed, Organic Cut Star Anise",,,,,,,,,,,,,,,,,,,,,,,,,,,,,,,
20.11.22 Alex's Intuitive blend brew,Organic Vana Tulsi,67,g,$0.03,$2.28,2.84%,"Organic Black Earl Grey Tea, Cacao Nibs, Organic Dandelion Root, Organic Ceylon Cinnamon Chips, Organic Liquorice Root, Organic Fenugreek Seed, Organic Cut Star Anise, Organic Vana Tulsi",,,,,,,,,,,,,,,,,,,,,,,,,,,,,,,
20.11.22 Alex's Intuitive blend brew,Organic Cardamom Pods,181,g,$0.12,$20.92,7.66%,"Organic Black Earl Grey Tea, Cacao Nibs, Organic Dandelion Root, Organic Ceylon Cinnamon Chips, Organic Liquorice Root, Organic Fenugreek Seed, Organic Cut Star Anise, Organic Vana Tulsi, Organic Cardamom Pods",,,,,,,,,,,,,,,,,,,,,,,,,,,,,,,
20.11.22 Alex's Intuitive blend brew,Organic Aged Yerba Mate,133,g,$0.03,$4.59,5.63%,"Organic Black Earl Grey Tea, Cacao Nibs, Organic Dandelion Root, Organic Ceylon Cinnamon Chips, Organic Liquorice Root, Organic Fenugreek Seed, Organic Cut Star Anise, Organic Vana Tulsi, Organic Cardamom Pods, Organic Aged Yerba Mate",,,,,,,,,,,,,,,,,,,,,,,,,,,,,,,
20.11.22 Alex's Intuitive blend brew,Organic Moringa Leaf,98,g,$0.04,$4.02,4.15%,"Organic Black Earl Grey Tea, Cacao Nibs, Organic Dandelion Root, Organic Ceylon Cinnamon Chips, Organic Liquorice Root, Organic Fenugreek Seed, Organic Cut Star Anise, Organic Vana Tulsi, Organic Cardamom Pods, Organic Aged Yerba Mate, Organic Moringa Leaf",,,,,,,,,,,,,,,,,,,,,,,,,,,,,,,
20.11.22 Alex's Intuitive blend brew,Organic Nettle Leaf,107,g,$0.04,$4.28,4.53%,"Organic Black Earl Grey Tea, Cacao Nibs, Organic Dandelion Root, Organic Ceylon Cinnamon Chips, Organic Liquorice Root, Organic Fenugreek Seed, Organic Cut Star Anise, Organic Vana Tulsi, Organic Cardamom Pods, Organic Aged Yerba Mate, Organic Moringa Leaf, Organic Nettle Leaf",,,,,,,,,,,,,,,,,,,,,,,,,,,,,,,
20.11.22 Alex's Intuitive blend brew,Organic Lemon Grass,134,g,$0.03,$3.35,5.67%,"Organic Black Earl Grey Tea, Cacao Nibs, Organic Dandelion Root, Organic Ceylon Cinnamon Chips, Organic Liquorice Root, Organic Fenugreek Seed, Organic Cut Star Anise, Organic Vana Tulsi, Organic Cardamom Pods, Organic Aged Yerba Mate, Organic Moringa Leaf, Organic Nettle Leaf, Organic Lemon Grass",,,,,,,,,,,,,,,,,,,,,,,,,,,,,,,
20.11.22 Alex's Intuitive blend brew,Fine Lemon Myrtle (Alex's Stock),59,g,$0.14,$7.97,2.50%,"Organic Black Earl Grey Tea, Cacao Nibs, Organic Dandelion Root, Organic Ceylon Cinnamon Chips, Organic Liquorice Root, Organic Fenugreek Seed, Organic Cut Star Anise, Organic Vana Tulsi, Organic Cardamom Pods, Organic Aged Yerba Mate, Organic Moringa Leaf, Organic Nettle Leaf, Organic Lemon Grass, Fine Lemon Myrtle (Alex's Stock)",,,,,,,,,,,,,,,,,,,,,,,,,,,,,,,
20.11.22 Alex's Intuitive blend brew,Hand-picked Lemon Myrtle,35,g,$0.20,$7.00,1.48%,"Organic Black Earl Grey Tea, Cacao Nibs, Organic Dandelion Root, Organic Ceylon Cinnamon Chips, Organic Liquorice Root, Organic Fenugreek Seed, Organic Cut Star Anise, Organic Vana Tulsi, Organic Cardamom Pods, Organic Aged Yerba Mate, Organic Moringa Leaf, Organic Nettle Leaf, Organic Lemon Grass, Fine Lemon Myrtle (Alex's Stock), Hand-picked Lemon Myrtle",,,,,,,,,,,,,,,,,,,,,,,,,,,,,,,
20.11.22 Alex's Intuitive blend brew,Organic Black Assam Tea,476,g,$0.05,$21.89,20.14%,"Organic Black Earl Grey Tea, Cacao Nibs, Organic Dandelion Root, Organic Ceylon Cinnamon Chips, Organic Liquorice Root, Organic Fenugreek Seed, Organic Cut Star Anise, Organic Vana Tulsi, Organic Cardamom Pods, Organic Aged Yerba Mate, Organic Moringa Leaf, Organic Nettle Leaf, Organic Lemon Grass, Fine Lemon Myrtle (Alex's Stock), Hand-picked Lemon Myrtle, Organic Black Assam Tea",,,,,,,,,,,,,,,,,,,,,,,,,,,,,,,
20.11.22 Alex's Intuitive blend brew,Organic Roasted Yerba Mate,140,g,$0.03,$4.77,5.92%,"Organic Black Earl Grey Tea, Cacao Nibs, Organic Dandelion Root, Organic Ceylon Cinnamon Chips, Organic Liquorice Root, Organic Fenugreek Seed, Organic Cut Star Anise, Organic Vana Tulsi, Organic Cardamom Pods, Organic Aged Yerba Mate, Organic Moringa Leaf, Organic Nettle Leaf, Organic Lemon Grass, Fine Lemon Myrtle (Alex's Stock), Hand-picked Lemon Myrtle, Organic Black Assam Tea, Organic Roasted Yerba Mate",,,,,,,,,,,,,,,,,,,,,,,,,,,,,,,
20.11.22 Alex's Intuitive blend brew 150g pouch,20.11.22 Alex's Intuitive blend brew,150,g,$0.05,$7.66,100.00%,"Organic Black Earl Grey Tea, Cacao Nibs, Organic Dandelion Root, Organic Ceylon Cinnamon Chips, Organic Liquorice Root, Organic Fenugreek Seed, Organic Cut Star Anise, Organic Vana Tulsi, Organic Cardamom Pods, Organic Aged Yerba Mate, Organic Moringa Leaf, Organic Nettle Leaf, Organic Lemon Grass, Fine Lemon Myrtle (Alex's Stock), Hand-picked Lemon Myrtle, Organic Black Assam Tea, Organic Roasted Yerba Mate",,,,,,,,,,,,,,,,,,,,,,,,,,,,,,,
20.11.22 Alex's Intuitive blend brew 400g jar,20.11.22 Alex's Intuitive blend brew,400,g,$0.05,$20.43,100.00%,,,,,,,,,,,,,,,,,,,,,,,,,,,,,,,,
20.11.22 Alex's Intuitive blend brew 500g jar,20.11.22 Alex's Intuitive blend brew,500,g,$0.05,$25.54,100.00%,,,,,,,,,,,,,,,,,,,,,,,,,,,,,,,,
2022-11-27,20.11.22 Alex's Intuitive blend brew,75,g,$0.05,$3.83,1.82%,,,,,,,,,,,,,,,,,,,,,,,,,,,,,,,,
2022-11-27,mate,13.6,g,$0.05,$0.71,0.33%,,,,,,,,,,,,,,,,,,,,,,,,,,,,,,,,
2022-11-27,yiyuan big leaf tea,27.4,g,$0.06,$1.64,0.67%,,,,,,,,,,,,,,,,,,,,,,,,,,,,,,,,
2022-11-27,filtered water,4000,g,$0.00,$0.40,97.18%,,,,,,,,,,,,,,,,,,,,,,,,,,,,,,,,
2022-11-28 kombucha brew,filtered water,726,grams,$0.00,$0.07,92.27%,,,,,,,,,,,,,,,,,,,,,,,,,,,,,,,,
2022-11-28 kombucha brew,certified organic black Ceylon tea,7.8,grams,$0.06,$0.48,0.99%,,,,,,,,,,,,,,,,,,,,,,,,,,,,,,,,
2022-11-28 kombucha brew,certified organic raw cane sugar,53,grams,$0.01,$0.27,6.74%,,,,,,,,,,,,,,,,,,,,,,,,,,,,,,,,
2022-11-28,20.11.22 Alex's Intuitive blend brew,51,g,$0.05,$2.60,2.83%,,,,,,,,,,,,,,,,,,,,,,,,,,,,,,,,
2022-11-28,filtered water,1748,g,$0.00,$0.17,97.17%,,,,,,,,,,,,,,,,,,,,,,,,,,,,,,,,
2022-11-28 kombucha 1,2022-11-05 kombucha brew,309,g,$0.00,$0.32,40.18%,,,,,,,,,,,,,,,,,,,,,,,,,,,,,,,,
2022-11-28 kombucha 1,2022-11-28 kombucha brew,460,g,$0.00,$0.48,59.82%,,,,,,,,,,,,,,,,,,,,,,,,,,,,,,,,
2022-11-30,20.11.22 Alex's Intuitive blend brew,15,g,$0.05,$0.77,1.78%,,,,,,,,,,,,,,,,,,,,,,,,,,,,,,,,
2022-11-30,filtered water,826,g,$0.00,$0.08,98.22%,,,,,,,,,,,,,,,,,,,,,,,,,,,,,,,,
2022-12-01,20.11.22 Alex's Intuitive blend brew,31,g,$0.05,$1.58,2.39%,,,,,,,,,,,,,,,,,,,,,,,,,,,,,,,,
2022-12-01,filtered water,1265,g,$0.00,$0.13,97.61%,,,,,,,,,,,,,,,,,,,,,,,,,,,,,,,,
2022-12-01-2,20.11.22 Alex's Intuitive blend brew,36,g,$0.05,$1.84,2.15%,,,,,,,,,,,,,,,,,,,,,,,,,,,,,,,,
2022-12-01-2,filtered water,1641,g,$0.00,$0.16,97.85%,,,,,,,,,,,,,,,,,,,,,,,,,,,,,,,,
2022-12-02,20.11.22 Alex's Intuitive blend brew,34,g,$0.05,$1.74,0.84%,,,,,,,,,,,,,,,,,,,,,,,,,,,,,,,,
2022-12-02,filtered water,4000,g,$0.00,$0.40,99.16%,,,,,,,,,,,,,,,,,,,,,,,,,,,,,,,,
2022-12-06,20.11.22 Alex's Intuitive blend brew,10.3,g,$0.05,$0.53,0.72%,,,,,,,,,,,,,,,,,,,,,,,,,,,,,,,,
2022-12-06,filtered water,1416,g,$0.00,$0.14,99.28%,,,,,,,,,,,,,,,,,,,,,,,,,,,,,,,,
2022-12-06-2,20.11.22 Alex's Intuitive blend brew,10.3,g,$0.05,$0.53,0.79%,,,,,,,,,,,,,,,,,,,,,,,,,,,,,,,,
2022-12-06-2,filtered water,1295,g,$0.00,$0.13,99.21%,,,,,,,,,,,,,,,,,,,,,,,,,,,,,,,,
2022-12-06-3,20.11.22 Alex's Intuitive blend brew,44.3,g,$0.05,$2.26,1.38%,,,,,,,,,,,,,,,,,,,,,,,,,,,,,,,,
2022-12-06-3,filtered water,3172,g,$0.00,$0.32,98.62%,,,,,,,,,,,,,,,,,,,,,,,,,,,,,,,,
2022-12-07,premium wholemeal bakers flour,57,g,$0.01,$0.34,8.66%,,,,,,,,,,,,,,,,,,,,,,,,,,,,,,,,
2022-12-07,unbleached self raising white Certified organic,66,g,$0.01,$0.46,10.03%,,,,,,,,,,,,,,,,,,,,,,,,,,,,,,,,
2022-12-07,organic raw cane sugar,18,g,$0.00,$0.09,2.74%,,,,,,,,,,,,,,,,,,,,,,,,,,,,,,,,
2022-12-07,Ground cinnamon,2,g,$0.05,$0.11,0.30%,,,,,,,,,,,,,,,,,,,,,,,,,,,,,,,,
2022-12-07,Manning Valley free range egg,54,g,$0.01,$0.52,8.21%,,,,,,,,,,,,,,,,,,,,,,,,,,,,,,,,
2022-12-07,Norco organic full cream milk,461,g,$0.01,$2.58,70.06%,,,,,,,,,,,,,,,,,,,,,,,,,,,,,,,,
2022-12-09,20.11.22 Alex's Intuitive blend brew,68,g,$0.05,$3.47,2.63%,,,,,,,,,,,,,,,,,,,,,,,,,,,,,,,,
2022-12-09,filtered water,2522,g,$0.00,$0.25,97.37%,,,,,,,,,,,,,,,,,,,,,,,,,,,,,,,,
2022-12-09 kombucha brew,filtered water,1591,grams,$0.00,$0.16,91.38%,,,,,,,,,,,,,,,,,,,,,,,,,,,,,,,,
2022-12-09 kombucha brew,certified organic black Ceylon tea,20,grams,$0.06,$1.24,1.15%,,,,,,,,,,,,,,,,,,,,,,,,,,,,,,,,
2022-12-09 kombucha brew,certified organic raw cane sugar,130,grams,$0.01,$0.65,7.47%,,,,,,,,,,,,,,,,,,,,,,,,,,,,,,,,
2022-12-11,20.11.22 Alex's Intuitive blend brew,50,g,$0.05,$2.55,2.86%,,,,,,,,,,,,,,,,,,,,,,,,,,,,,,,,
2022-12-11,filtered water,1700,g,$0.00,$0.17,97.14%,,,,,,,,,,,,,,,,,,,,,,,,,,,,,,,,
11.12.22 Alex's Intuitive blend brew 150g pouch,20.11.22 Alex's Intuitive blend brew,150,g,$0.05,$7.66,100.00%,"Organic Black Earl Grey Tea, Cacao Nibs, Organic Dandelion Root, Organic Ceylon Cinnamon Chips, Organic Liquorice Root, Organic Fenugreek Seed, Organic Cut Star Anise, Organic Vana Tulsi, Organic Cardamom Pods, Organic Aged Yerba Mate, Organic Moringa Leaf, Organic Nettle Leaf, Organic Lemon Grass, Fine Lemon Myrtle (Alex's Stock), Hand-picked Lemon Myrtle, Organic Black Assam Tea, Organic Roasted Yerba Mate",,,,,,,,,,,,,,,,,,,,,,,,,,,,,,,
2022-12-12,premium wholemeal bakers flour,60,g,$0.01,$0.36,12.67%,,,,,,,,,,,,,,,,,,,,,,,,,,,,,,,,
2022-12-12,unbleached self raising white Certified organic,60,g,$0.01,$0.42,12.67%,,,,,,,,,,,,,,,,,,,,,,,,,,,,,,,,
2022-12-12,organic raw cane sugar,31,g,$0.00,$0.15,6.55%,,,,,,,,,,,,,,,,,,,,,,,,,,,,,,,,
2022-12-12,Ground cinnamon,1.5,g,$0.05,$0.08,0.32%,,,,,,,,,,,,,,,,,,,,,,,,,,,,,,,,
2022-12-12,Manning Valley free range egg,58,g,$0.01,$0.56,12.25%,,,,,,,,,,,,,,,,,,,,,,,,,,,,,,,,
2022-12-12,Pauls QLD full cream milk,263,g,$0.00,$0.84,55.54%,,,,,,,,,,,,,,,,,,,,,,,,,,,,,,,,
2022-12-12 brew total,2022-12-11,945,g,$0.00,$1.47,60.93%,,,,,,,,,,,,,,,,,,,,,,,,,,,,,,,,
2022-12-12 brew cup,2022-12-11,339,g,$0.00,$0.53,85.61%,,,,,,,,,,,,,,,,,,,,,,,,,,,,,,,,
2022-12-12 brew cup,bloodwood honey,17,g,$0.02,$0.29,4.29%,,,,,,,,,,,,,,,,,,,,,,,,,,,,,,,,
2022-12-12 brew cup,bloodwood honey,40,g,$0.00,$0.13,10.10%,,,,,,,,,,,,,,,,,,,,,,,,,,,,,,,,
2022-12-12 brew bottle,filtered water,932,g,$0.00,$0.09,100.00%,,,,,,,,,,,,,,,,,,,,,,,,,,,,,,,,
2022-12-12 brew total,2022-12-11,606,g,$0.00,$0.94,39.07%,,,,,,,,,,,,,,,,,,,,,,,,,,,,,,,,
2022-12-13,20.11.22 Alex's Intuitive blend brew,48,g,$0.05,$2.45,5.16%,,,,,,,,,,,,,,,,,,,,,,,,,,,,,,,,
2022-12-13,filtered water,882,g,$0.00,$0.09,94.84%,,,,,,,,,,,,,,,,,,,,,,,,,,,,,,,,
2022-12-13 honey milk chai,Pauls QLD full cream milk,105,g,$0.00,$0.34,26.18%,,,,,,,,,,,,,,,,,,,,,,,,,,,,,,,,
2022-12-13 honey milk chai,turmeric honey,29,grams,$0.06,$1.74,7.23%,,,,,,,,,,,,,,,,,,,,,,,,,,,,,,,,
2022-12-13 honey milk chai,2022-12-13,267,g,$0.00,$0.73,66.58%,,,,,,,,,,,,,,,,,,,,,,,,,,,,,,,,
2022-12-17,20.11.22 Alex's Intuitive blend brew,148,g,$0.05,$7.56,3.78%,,,,,,,,,,,,,,,,,,,,,,,,,,,,,,,,
2022-12-17,filtered water,3772,g,$0.00,$0.38,96.22%,,,,,,,,,,,,,,,,,,,,,,,,,,,,,,,,
2022-12-17-2,mate,30,g,$0.05,$1.56,4.32%,,,,,,,,,,,,,,,,,,,,,,,,,,,,,,,,
2022-12-17-2,filtered water,664,g,$0.00,$0.07,95.68%,,,,,,,,,,,,,,,,,,,,,,,,,,,,,,,,
2022-12-18 kombucha brew,filtered water,400,grams,$0.00,$0.04,93.85%,,,,,,,,,,,,,,,,,,,,,,,,,,,,,,,,
2022-12-18 kombucha brew,certified organic black Ceylon tea,5.4,grams,$0.06,$0.33,1.27%,,,,,,,,,,,,,,,,,,,,,,,,,,,,,,,,
2022-12-18 kombucha brew,certified organic raw cane sugar,20.8,grams,$0.01,$0.10,4.88%,,,,,,,,,,,,,,,,,,,,,,,,,,,,,,,,
2022-12-18 kombucha 1,2022-11-28 kombucha 1,270,g,$0.00,$0.28,40.00%,,,,,,,,,,,,,,,,,,,,,,,,,,,,,,,,
2022-12-18 kombucha 1,2022-12-18 kombucha brew,405,g,$0.00,$0.45,60.00%,,,,,,,,,,,,,,,,,,,,,,,,,,,,,,,,
2022-12-21,20.11.22 Alex's Intuitive blend brew,116,g,$0.05,$5.92,3.05%,,,,,,,,,,,,,,,,,,,,,,,,,,,,,,,,
2022-12-21,filtered water,3678,g,$0.00,$0.37,96.56%,,,,,,,,,,,,,,,,,,,,,,,,,,,,,,,,
2022-12-21,Rashmi's spice powder,15,g,$0.02,$0.30,0.39%,,,,,,,,,,,,,,,,,,,,,,,,,,,,,,,,
2022-12-24,20.11.22 Alex's Intuitive blend brew,136,g,$0.05,$6.95,3.23%,,,,,,,,,,,,,,,,,,,,,,,,,,,,,,,,
2022-12-24,filtered water,4000,g,$0.00,$0.40,95.10%,,,,,,,,,,,,,,,,,,,,,,,,,,,,,,,,
2022-12-24,Rashmi's spice powder,20,g,$0.02,$0.40,0.48%,,,,,,,,,,,,,,,,,,,,,,,,,,,,,,,,
2022-12-24,mate,22,g,$0.05,$1.14,0.52%,,,,,,,,,,,,,,,,,,,,,,,,,,,,,,,,
2022-12-24,yiyuan big leaf tea,28,g,$0.06,$1.68,0.67%,,,,,,,,,,,,,,,,,,,,,,,,,,,,,,,,
2022-12-25,20.11.22 Alex's Intuitive blend brew,61,g,$0.05,$3.12,3.38%,,,,,,,,,,,,,,,,,,,,,,,,,,,,,,,,
2022-12-25,filtered water,1743,g,$0.00,$0.17,96.62%,,,,,,,,,,,,,,,,,,,,,,,,,,,,,,,,
2022-12-26,mate,14,g,$0.05,$0.73,0.66%,,,,,,,,,,,,,,,,,,,,,,,,,,,,,,,,
2022-12-26,yiyuan big leaf tea,15,g,$0.06,$0.90,0.71%,,,,,,,,,,,,,,,,,,,,,,,,,,,,,,,,
2022-12-26,20.11.22 Alex's Intuitive blend brew,41,g,$0.05,$2.09,1.93%,,,,,,,,,,,,,,,,,,,,,,,,,,,,,,,,
2022-12-26,filtered water,2051,g,$0.00,$0.21,96.70%,,,,,,,,,,,,,,,,,,,,,,,,,,,,,,,,
2022-12-29,20.11.22 Alex's Intuitive blend brew,96,g,$0.05,$4.90,2.45%,reduced to 3391,,,,,,,,,,,,,,,,,,,,,,,,,,,,,,,
2022-12-29,rain water,3819,g,$0.00,$0.38,97.55%,reduction of: 524,$1.56,,,,,,,,,,,,,,,,,,,,,,,,,,,,,,
2022-01-02,20.11.22 Alex's Intuitive blend brew,40,g,$0.05,$2.04,1.23%,,,,,,,,,,,,,,,,,,,,,,,,,,,,,,,,
2022-01-02,yiyuan big leaf tea,5,g,$0.06,$0.30,0.15%,,,,,,,,,,,,,,,,,,,,,,,,,,,,,,,,
2022-01-02,mate,12,g,$0.05,$0.62,0.37%,,,,,,,,,,,,,,,,,,,,,,,,,,,,,,,,
2022-01-02,filtered water,3200,g,$0.00,$0.32,98.25%,,,,,,,,,,,,,,,,,,,,,,,,,,,,,,,,
2022-01-03,20.11.22 Alex's Intuitive blend brew,49,g,$0.05,$2.50,1.41%,,,,,,,,,,,,,,,,,,,,,,,,,,,,,,,,
2022-01-03,yiyuan big leaf tea,10,g,$0.06,$0.60,0.29%,,,,,,,,,,,,,,,,,,,,,,,,,,,,,,,,
2022-01-03,mate,13,g,$0.05,$0.68,0.37%,,,,,,,,,,,,,,,,,,,,,,,,,,,,,,,,
2022-01-03,filtered water,3400,g,$0.00,$0.34,97.93%,,,,,,,,,,,,,,,,,,,,,,,,,,,,,,,,
2022-01-04,2022-01-03,2600,g,$0.00,$3.08,94.75%,,,,,,,,,,,,,,,,,,,,,,,,,,,,,,,,
2022-01-04,turmeric honey,144,g,$0.06,$8.64,5.25%,,,,,,,,,,,,,,,,,,,,,,,,,,,,,,,,
2022-01-04-2,20.11.22 Alex's Intuitive blend brew,78,g,$0.05,$3.98,2.23%,,,,,,,,,,,,,,,,,,,,,,,,,,,,,,,,
2022-01-04-2,yiyuan big leaf tea,14,g,$0.06,$0.84,0.40%,,,,,,,,,,,,,,,,,,,,,,,,,,,,,,,,
2022-01-04-2,mate,25,g,$0.05,$1.30,0.71%,,,,,,,,,,,,,,,,,,,,,,,,,,,,,,,,
2022-01-04-2,Rashmi's spice powder,13,g,$0.02,$0.26,0.37%,,,,,,,,,,,,,,,,,,,,,,,,,,,,,,,,
2022-01-04-2,filtered water,3300,g,$0.00,$0.33,94.23%,,,,,,,,,,,,,,,,,,,,,,,,,,,,,,,,
2022-01-04-2,turmeric honey,72,g,$0.06,$4.32,2.06%,,,,,,,,,,,,,,,,,,,,,,,,,,,,,,,,
2022-01-04 gift to rashmi,20.11.22 Alex's Intuitive blend brew,57,g,$0.05,$2.91,100.00%,,,,,,,,,,,,,,,,,,,,,,,,,,,,,,,,
2022-01-05,2022-12-30 Roasted Dandelion blend,55,g,$0.05,$2.59,3.24%,,,,,,,,,,,,,,,,,,,,,,,,,,,,,,,,
2022-01-05,filtered water,1641,g,$0.00,$0.16,96.76%,reduced to 1397,,,,,,,,,,,,,,,,,,,,,,,,,,,,,,,
2022-12-30 Roasted Dandelion blend,Organic Roasted Dandelion Root,394,g,$0.07,$27.54,18.08%,,,,,,,,,,,,,,,,,,,,,,,,,,,,,,,,
2022-12-30 Roasted Dandelion blend,Organic Black Assam Tea,337,g,$0.05,$15.50,15.47%,,,,,,,,,,,,,,,,,,,,,,,,,,,,,,,,
2022-12-30 Roasted Dandelion blend,Organic Ceylon Cinnamon Chips,152,g,$0.05,$6.84,6.98%,,,,,,,,,,,,,,,,,,,,,,,,,,,,,,,,
2022-12-30 Roasted Dandelion blend,Organic Fenugreek Seed,117,g,$0.03,$3.28,5.37%,,,,,,,,,,,,,,,,,,,,,,,,,,,,,,,,
2022-12-30 Roasted Dandelion blend,Organic Cut Star Anise,70,g,$0.06,$3.99,3.21%,,,,,,,,,,,,,,,,,,,,,,,,,,,,,,,,
2022-12-30 Roasted Dandelion blend,Organic Roasted Yerba Mate,185,g,$0.03,$6.31,8.49%,,,,,,,,,,,,,,,,,,,,,,,,,,,,,,,,
2022-12-30 Roasted Dandelion blend,Organic Rama Tulsi,112,g,$0.03,$3.82,5.14%,,,,,,,,,,,,,,,,,,,,,,,,,,,,,,,,
2022-12-30 Roasted Dandelion blend,Organic Ginger Root,167,g,$0.03,$5.61,7.66%,,,,,,,,,,,,,,,,,,,,,,,,,,,,,,,,
2022-12-30 Roasted Dandelion blend,Organic Cardamom Pods,101,g,$0.12,$11.68,4.64%,,,,,,,,,,,,,,,,,,,,,,,,,,,,,,,,
2022-12-30 Roasted Dandelion blend,Organic Lemon Grass,105,g,$0.03,$2.63,4.82%,,,,,,,,,,,,,,,,,,,,,,,,,,,,,,,,
2022-12-30 Roasted Dandelion blend,Organic Nettle Leaf,99,g,$0.04,$3.96,4.54%,,,,,,,,,,,,,,,,,,,,,,,,,,,,,,,,
2022-12-30 Roasted Dandelion blend,Organic Moringa Leaf,103,g,$0.04,$4.22,4.73%,,,,,,,,,,,,,,,,,,,,,,,,,,,,,,,,
2022-12-30 Roasted Dandelion blend,Organic Lemon Myrtle Leaf,45,g,$0.07,$2.97,2.07%,,,,,,,,,,,,,,,,,,,,,,,,,,,,,,,,
2022-12-30 Roasted Dandelion blend,Organic Cacao Nibs,192,g,$0.02,$4.22,8.81%,,,,,,,,,,,,,,,,,,,,,,,,,,,,,,,,
2022-12-30 No Caffeine blend,Organic Dandelion Root,440,g,$0.04,$18.70,32.88%,,,,,,,,,,,,,,,,,,,,,,,,,,,,,,,,
2022-12-30 No Caffeine blend,Organic Ceylon Cinnamon Chips,200,g,$0.05,$9.00,14.95%,,,,,,,,,,,,,,,,,,,,,,,,,,,,,,,,
2022-12-30 No Caffeine blend,Organic Cut Star Anise,50,g,$0.06,$2.85,3.74%,,,,,,,,,,,,,,,,,,,,,,,,,,,,,,,,
2022-12-30 No Caffeine blend,Organic Cardamom Pods,86,g,$0.12,$9.94,6.43%,,,,,,,,,,,,,,,,,,,,,,,,,,,,,,,,
2022-12-30 No Caffeine blend,Organic Moringa Leaf,75,g,$0.04,$3.08,5.61%,,,,,,,,,,,,,,,,,,,,,,,,,,,,,,,,
2022-12-30 No Caffeine blend,Organic Nettle Leaf,95,g,$0.04,$3.80,7.10%,,,,,,,,,,,,,,,,,,,,,,,,,,,,,,,,
2022-12-30 No Caffeine blend,Organic Lemon Grass,153,g,$0.03,$3.83,11.43%,,,,,,,,,,,,,,,,,,,,,,,,,,,,,,,,
2022-12-30 No Caffeine blend,Organic Vana Tulsi,131,g,$0.03,$4.47,9.79%,,,,,,,,,,,,,,,,,,,,,,,,,,,,,,,,
2022-12-30 No Caffeine blend,Organic Lemon Myrtle Leaf,60,g,$0.07,$3.96,4.48%,,,,,,,,,,,,,,,,,,,,,,,,,,,,,,,,
2022-12-30 No Caffeine blend,Organic Ginger Root,48,g,$0.03,$1.61,3.59%,,,,,,,,,,,,,,,,,,,,,,,,,,,,,,,,
2023-1-7 No Caffeine brew,2022-12-30 No Caffeine blend,11.6,g,$0.05,$0.53,2.68%,,,,,,,,,,,,,,,,,,,,,,,,,,,,,,,,
2023-1-7 No Caffeine brew,filtered water,421,g,$0.00,$0.04,97.32%,,,,,,,,,,,,,,,,,,,,,,,,,,,,,,,,
2023-1-7 Roasted Dandelion brew,2022-12-30 Roasted Dandelion blend,89,g,$0.05,$4.19,2.18%,,,,,,,,,,,,,,,,,,,,,,,,,,,,,,,,
2023-1-7 Roasted Dandelion brew,filtered water,4000,g,$0.00,$0.40,97.82%,,,,,,,,,,,,,,,,,,,,,,,,,,,,,,,,
2023-1-7 Roasted Dandelion brew 2,2022-12-30 Roasted Dandelion blend,45,g,$0.05,$2.12,2.62%,,,,,,,,,,,,,,,,,,,,,,,,,,,,,,,,
2023-1-7 Roasted Dandelion brew 2,filtered water,1673,g,$0.00,$0.17,97.38%,,,,,,,,,,,,,,,,,,,,,,,,,,,,,,,,
2023-1-8 Roasted Dandelion brew,2022-12-30 Roasted Dandelion blend,75,g,$0.05,$3.53,2.44%,,,,,,,,,,,,,,,,,,,,,,,,,,,,,,,,
2023-1-8 Roasted Dandelion brew,filtered water,3000,g,$0.00,$0.30,97.56%,,,,,,,,,,,,,,,,,,,,,,,,,,,,,,,,
2023-1-9 Roasted Dandelion brew,2022-12-30 Roasted Dandelion blend,40,g,$0.05,$1.88,1.30%,,,,,,,,,,,,,,,,,,,,,,,,,,,,,,,,
2023-1-9 Roasted Dandelion brew,yiyuan big leaf tea,11,g,$0.06,$0.66,0.36%,,,,,,,,,,,,,,,,,,,,,,,,,,,,,,,,
2023-1-9 Roasted Dandelion brew,mate,21,g,$0.05,$1.09,0.68%,,,,,,,,,,,,,,,,,,,,,,,,,,,,,,,,
2023-1-9 Roasted Dandelion brew,filtered water,3000,g,$0.00,$0.30,97.66%,,,,,,,,,,,,,,,,,,,,,,,,,,,,,,,,
2023-1-13 Roasted Dandelion Flask,2022-12-30 Roasted Dandelion blend,12.7,g,$0.05,$0.60,3.29%,,,,,,,,,,,,,,,,,,,,,,,,,,,,,,,,
2023-1-13 Roasted Dandelion Flask,filtered water,373,g,$0.00,$0.04,96.71%,,,,,,,,,,,,,,,,,,,,,,,,,,,,,,,,
2023-1-14 Roasted Dandelion brew,2022-12-30 Roasted Dandelion blend,36,g,$0.05,$1.69,2.05%,,,,,,,,,,,,,,,,,,,,,,,,,,,,,,,,
2023-1-14 Roasted Dandelion brew,yiyuan big leaf tea,9,g,$0.06,$0.54,0.51%,,,,,,,,,,,,,,,,,,,,,,,,,,,,,,,,
2023-1-14 Roasted Dandelion brew,mate,9,g,$0.05,$0.47,0.51%,,,,,,,,,,,,,,,,,,,,,,,,,,,,,,,,
2023-1-14 Roasted Dandelion brew,Xingjian's mums dandelion & lavender tea,5,g,$0.30,$1.50,0.28%,,,,,,,,,,,,,,,,,,,,,,,,,,,,,,,,
2023-1-14 Roasted Dandelion brew,filtered water,1700,g,$0.00,$0.17,96.65%,,,,,,,,,,,,,,,,,,,,,,,,,,,,,,,,
2023-01-15 Oat Soak,Oat Groats Certified Organic Bulk,300,g,$0.01,$3.00,13.05%,,,,,,,,,,,,,,,,,,,,,,,,,,,,,,,,
2023-01-15 Oat Soak,Hulled Buckwheat Certified Organic Bulk,100,g,$0.01,$0.70,4.35%,,,,,,,,,,,,,,,,,,,,,,,,,,,,,,,,
2023-01-15 Oat Soak,Brown Linseed Certified Organic Bulk,35,g,$0.01,$0.38,1.52%,,,,,,,,,,,,,,,,,,,,,,,,,,,,,,,,
2023-01-15 Oat Soak,Raisins Certified Organic Bulk,50,g,$0.01,$0.75,2.17%,,,,,,,,,,,,,,,,,,,,,,,,,,,,,,,,
2023-01-15 Oat Soak,Sunflower Kernels Australian Certified Organic Bulk,40,g,$0.02,$0.76,1.74%,,,,,,,,,,,,,,,,,,,,,,,,,,,,,,,,
2023-01-15 Oat Soak,Dark Green Pepitas Austrian Certified Organic Bulk,25,g,$0.03,$0.75,1.09%,,,,,,,,,,,,,,,,,,,,,,,,,,,,,,,,
2023-01-15 Oat Soak,Incaberries Certified Organic Bulk,21,g,$0.04,$0.84,0.91%,,,,,,,,,,,,,,,,,,,,,,,,,,,,,,,,
2023-01-15 Oat Soak,filtered water,1728,g,$0.00,$0.17,75.16%,,,,,,,,,,,,,,,,,,,,,,,,,,,,,,,,
2023-1-15 Roasted Dandelion brew,2022-12-30 Roasted Dandelion blend,40,g,$0.05,$1.88,0.88%,,,,,,,,,,,,,,,,,,,,,,,,,,,,,,,,
2023-1-15 Roasted Dandelion brew,2022-12-30 No Caffeine blend,39,g,$0.05,$1.78,0.86%,,,,,,,,,,,,,,,,,,,,,,,,,,,,,,,,
2023-1-15 Roasted Dandelion brew,yiyuan big leaf tea,18,g,$0.06,$1.08,0.40%,,,,,,,,,,,,,,,,,,,,,,,,,,,,,,,,
2023-1-15 Roasted Dandelion brew,mate,39,g,$0.05,$2.03,0.86%,,,,,,,,,,,,,,,,,,,,,,,,,,,,,,,,
2023-1-15 Roasted Dandelion brew,certified organic black Ceylon tea,16,g,$0.06,$0.99,0.35%,,,,,,,,,,,,,,,,,,,,,,,,,,,,,,,,
2023-1-15 Roasted Dandelion brew,filtered water,4400,g,$0.00,$0.44,96.66%,,,,,,,,,,,,,,,,,,,,,,,,,,,,,,,,
2023-1-16 Roasted Dandelion brew,2022-12-30 Roasted Dandelion blend,30,g,$0.05,$1.41,0.72%,,,,,,,,,,,,,,,,,,,,,,,,,,,,,,,,
2023-1-16 Roasted Dandelion brew,2022-12-30 No Caffeine blend,27,g,$0.05,$1.24,0.65%,,,,,,,,,,,,,,,,,,,,,,,,,,,,,,,,
2023-1-16 Roasted Dandelion brew,yiyuan big leaf tea,12,g,$0.06,$0.72,0.29%,,,,,,,,,,,,,,,,,,,,,,,,,,,,,,,,
2023-1-16 Roasted Dandelion brew,mate,13,g,$0.05,$0.68,0.31%,,,,,,,,,,,,,,,,,,,,,,,,,,,,,,,,
2023-1-16 Roasted Dandelion brew,certified organic black Ceylon tea,13,g,$0.06,$0.81,0.31%,,,,,,,,,,,,,,,,,,,,,,,,,,,,,,,,
2023-1-16 Roasted Dandelion brew,filtered water,4073,g,$0.00,$0.41,97.72%,,,,,,,,,,,,,,,,,,,,,,,,,,,,,,,,
2023-1-22 Roasted Dandelion brew,2022-12-30 Roasted Dandelion blend,23,g,$0.05,$1.08,0.70%,,,,,,,,,,,,,,,,,,,,,,,,,,,,,,,,
2023-1-22 Roasted Dandelion brew,2022-12-30 No Caffeine blend,13,g,$0.05,$0.59,0.39%,,,,,,,,,,,,,,,,,,,,,,,,,,,,,,,,
2023-1-22 Roasted Dandelion brew,yiyuan big leaf tea,11,g,$0.06,$0.66,0.33%,,,,,,,,,,,,,,,,,,,,,,,,,,,,,,,,
2023-1-22 Roasted Dandelion brew,mate,6,g,$0.05,$0.31,0.18%,,,,,,,,,,,,,,,,,,,,,,,,,,,,,,,,
2023-1-22 Roasted Dandelion brew,filtered water,3250,g,$0.00,$0.33,98.40%,,,,,,,,,,,,,,,,,,,,,,,,,,,,,,,,
2023-1-23 Roasted Dandelion brew,2022-12-30 Roasted Dandelion blend,45,g,$0.05,$2.12,1.10%,,,,,,,,,,,,,,,,,,,,,,,,,,,,,,,,
2023-1-23 Roasted Dandelion brew,2022-12-30 No Caffeine blend,29,g,$0.05,$1.33,0.71%,,,,,,,,,,,,,,,,,,,,,,,,,,,,,,,,
2023-1-23 Roasted Dandelion brew,yiyuan big leaf tea,19,g,$0.06,$1.14,0.46%,,,,,,,,,,,,,,,,,,,,,,,,,,,,,,,,
2023-1-23 Roasted Dandelion brew,mate,16,g,$0.05,$0.83,0.39%,3590,,,,,,,,,,,,,,,,,,,,,,,,,,,,,,,
2023-1-23 Roasted Dandelion brew,filtered water,3994,g,$0.00,$0.40,97.34%,reduced to approximately 3500,$1.66,,,,,,,,,,,,,,,,,,,,,,,,,,,,,,
2023-1-26 Roasted Dandelion brew,2022-12-30 Roasted Dandelion blend,59,g,$0.05,$2.78,1.30%,approximately 10% reduction,,,,,,,,,,,,,,,,,,,,,,,,,,,,,,,
2023-1-26 Roasted Dandelion brew,2022-12-30 No Caffeine blend,30,g,$0.05,$1.37,0.66%,,,,,,,,,,,,,,,,,,,,,,,,,,,,,,,,
2023-1-26 Roasted Dandelion brew,yiyuan big leaf tea,13,g,$0.06,$0.78,0.29%,,,,,,,,,,,,,,,,,,,,,,,,,,,,,,,,
2023-1-26 Roasted Dandelion brew,mate,14,g,$0.05,$0.73,0.31%,,,,,,,,,,,,,,,,,,,,,,,,,,,,,,,,
2023-1-26 Roasted Dandelion brew,filtered water,4426,g,$0.00,$0.44,97.45%,,,,,,,,,,,,,,,,,,,,,,,,,,,,,,,,
2023-1-26 French toast,farm free range egg,54,g,$0.01,$0.52,20.15%,,,,,,,,,,,,,,,,,,,,,,,,,,,,,,,,
2023-1-26 French toast,Norco Organic full cream milk,214,g,$0.01,$1.20,79.85%,,,,,,,,,,,,,,,,,,,,,,,,,,,,,,,,
2023-01-28 tea brew,2022-12-30 Roasted Dandelion blend,32,g,$0.05,$1.51,0.76%,,,,,,,,,,,,,,,,,,,,,,,,,,,,,,,,
2023-01-28 tea brew,2022-12-30 No Caffeine blend,32,g,$0.05,$1.46,0.76%,,,,,,,,,,,,,,,,,,,,,,,,,,,,,,,,
2023-01-28 tea brew,yiyuan big leaf tea,15,g,$0.06,$0.90,0.36%,,,,,,,,,,,,,,,,,,,,,,,,,,,,,,,,
2023-01-28 tea brew,mate,19,g,$0.05,$0.99,0.45%,,,,,,,,,,,,,,,,,,,,,,,,,,,,,,,,
2023-01-28 tea brew,filtered water,4122,g,$0.00,$0.41,97.68%,,,,,,,,,,,,,,,,,,,,,,,,,,,,,,,,
2023-01-29 tea brew,2022-12-30 Roasted Dandelion blend,30,g,$0.05,$1.41,0.72%,,,,,,,,,,,,,,,,,,,,,,,,,,,,,,,,
2023-01-29 tea brew,2022-12-30 No Caffeine blend,19,g,$0.05,$0.87,0.46%,,,,,,,,,,,,,,,,,,,,,,,,,,,,,,,,
2023-01-29 tea brew,yiyuan big leaf tea,8,g,$0.06,$0.48,0.19%,,,,,,,,,,,,,,,,,,,,,,,,,,,,,,,,
2023-01-29 tea brew,mate,5,g,$0.05,$0.26,0.12%,,,,,,,,,,,,,,,,,,,,,,,,,,,,,,,,
2023-01-29 tea brew,filtered water,4081,g,$0.00,$0.41,98.50%,,,,,,,,,,,,,,,,,,,,,,,,,,,,,,,,
2023-01-31 tea brew,2022-12-30 Roasted Dandelion blend,32,g,$0.05,$1.51,0.98%,,,,,,,,,,,,,,,,,,,,,,,,,,,,,,,,
2023-01-31 tea brew,2022-12-30 No Caffeine blend,19,g,$0.05,$0.87,0.58%,,,,,,,,,,,,,,,,,,,,,,,,,,,,,,,,
2023-01-31 tea brew,yiyuan big leaf tea,11,g,$0.06,$0.66,0.34%,,,,,,,,,,,,,,,,,,,,,,,,,,,,,,,,
2023-01-31 tea brew,mate,8,g,$0.05,$0.42,0.24%,,,,,,,,,,,,,,,,,,,,,,,,,,,,,,,,
2023-01-31 tea brew,filtered water,3208,g,$0.00,$0.32,97.86%,,,,,,,,,,,,,,,,,,,,,,,,,,,,,,,,
2023-02-01 tea brew,2022-12-30 Roasted Dandelion blend,19,g,$0.05,$0.89,1.14%,,,,,,,,,,,,,,,,,,,,,,,,,,,,,,,,
2023-02-01 tea brew,2022-12-30 No Caffeine blend,10,g,$0.05,$0.46,0.60%,,,,,,,,,,,,,,,,,,,,,,,,,,,,,,,,
2023-02-01 tea brew,yiyuan big leaf tea,7,g,$0.06,$0.42,0.42%,,,,,,,,,,,,,,,,,,,,,,,,,,,,,,,,
2023-02-01 tea brew,mate,6,g,$0.05,$0.31,0.36%,,,,,,,,,,,,,,,,,,,,,,,,,,,,,,,,
2023-02-01 tea brew,filtered water,1625,g,$0.00,$0.16,97.48%,,,,,,,,,,,,,,,,,,,,,,,,,,,,,,,,
2023-02-02 tea brew,2022-12-30 Roasted Dandelion blend,24,g,$0.05,$1.13,0.63%,,,,,,,,,,,,,,,,,,,,,,,,,,,,,,,,
2023-02-02 tea brew,2022-12-30 No Caffeine blend,13,g,$0.05,$0.59,0.34%,,,,,,,,,,,,,,,,,,,,,,,,,,,,,,,,
2023-02-02 tea brew,yiyuan big leaf tea,7,g,$0.06,$0.42,0.19%,,,,,,,,,,,,,,,,,,,,,,,,,,,,,,,,
2023-02-02 tea brew,mate,7,g,$0.05,$0.36,0.19%,,,,,,,,,,,,,,,,,,,,,,,,,,,,,,,,
2023-02-02 tea brew,filtered water,3732,g,$0.00,$0.37,98.65%,,,,,,,,,,,,,,,,,,,,,,,,,,,,,,,,
2023-02-04 tea brew,2022-12-30 Roasted Dandelion blend,43,g,$0.05,$2.02,1.00%,,,,,,,,,,,,,,,,,,,,,,,,,,,,,,,,
2023-02-04 tea brew,2022-12-30 No Caffeine blend,31,g,$0.05,$1.42,0.72%,,,,,,,,,,,,,,,,,,,,,,,,,,,,,,,,
2023-02-04 tea brew,yiyuan big leaf tea,15,g,$0.06,$0.90,0.35%,,,,,,,,,,,,,,,,,,,,,,,,,,,,,,,,
2023-02-04 tea brew,mate,14,g,$0.05,$0.73,0.33%,,,,,,,,,,,,,,,,,,,,,,,,,,,,,,,,
2023-02-04 tea brew,filtered water,4201,g,$0.00,$0.42,97.61%,,,,,,,,,,,,,,,,,,,,,,,,,,,,,,,,
2023-02-05 Oat Soak,Oat Groats Certified Organic Bulk,308,g,$0.01,$3.08,80.00%,,,,,,,,,,,,,,,,,,,,,,,,,,,,,,,,
2023-02-05 Oat Soak,Hulled Buckwheat Certified Organic Bulk,61,g,$0.01,$0.43,15.84%,,,,,,,,,,,,,,,,,,,,,,,,,,,,,,,,
2023-02-05 Oat Soak,Brown Linseed Certified Organic Bulk,16,g,$0.01,$0.18,4.16%,,,,,,,,,,,,,,,,,,,,,,,,,,,,,,,,
2023-02-07 tea brew,2022-12-30 Roasted Dandelion blend,57,g,$0.05,$2.68,2.11%,,,,,,,,,,,,,,,,,,,,,,,,,,,,,,,,
2023-02-07 tea brew,filtered water,2650,g,$0.00,$0.27,97.89%,,,,,,,,,,,,,,,,,,,,,,,,,,,,,,,,
2023-02-08 tea brew,2022-12-30 Roasted Dandelion blend,39,g,$0.05,$1.84,1.13%,,,,,,,,,,,,,,,,,,,,,,,,,,,,,,,,
2023-02-08 tea brew,2022-12-30 No Caffeine blend,24,g,$0.05,$1.10,0.70%,,,,,,,,,,,,,,,,,,,,,,,,,,,,,,,,
2023-02-08 tea brew,yiyuan big leaf tea,11,g,$0.06,$0.66,0.32%,,,,,,,,,,,,,,,,,,,,,,,,,,,,,,,,
2023-02-08 tea brew,mate,12,g,$0.05,$0.62,0.35%,,,,,,,,,,,,,,,,,,,,,,,,,,,,,,,,
2023-02-08 tea brew,filtered water,3352,g,$0.00,$0.34,97.50%,,,,,,,,,,,,,,,,,,,,,,,,,,,,,,,,
2023-02-08 tea brew 2,2022-12-30 Roasted Dandelion blend,34,g,$0.05,$1.60,1.11%,,,,,,,,,,,,,,,,,,,,,,,,,,,,,,,,
2023-02-08 tea brew 2,2022-12-30 No Caffeine blend,29,g,$0.05,$1.33,0.94%,,,,,,,,,,,,,,,,,,,,,,,,,,,,,,,,
2023-02-08 tea brew 2,yiyuan big leaf tea,11,g,$0.06,$0.66,0.36%,,,,,,,,,,,,,,,,,,,,,,,,,,,,,,,,
2023-02-08 tea brew 2,mate,12,g,$0.05,$0.62,0.39%,,,,,,,,,,,,,,,,,,,,,,,,,,,,,,,,
2023-02-08 tea brew 2,filtered water,2984,g,$0.00,$0.30,97.20%,,,,,,,,,,,,,,,,,,,,,,,,,,,,,,,,
2023-02-09 tea brew,2022-12-30 Roasted Dandelion blend,28,g,$0.05,$1.32,0.80%,,,,,,,,,,,,,,,,,,,,,,,,,,,,,,,,
2023-02-09 tea brew,2022-12-30 No Caffeine blend,28,g,$0.05,$1.28,0.80%,,,,,,,,,,,,,,,,,,,,,,,,,,,,,,,,
2023-02-09 tea brew,yiyuan big leaf tea,13,g,$0.06,$0.78,0.37%,,,,,,,,,,,,,,,,,,,,,,,,,,,,,,,,
2023-02-09 tea brew,mate,13,g,$0.05,$0.68,0.37%,,,,,,,,,,,,,,,,,,,,,,,,,,,,,,,,
2023-02-09 tea brew,filtered water,3418,g,$0.00,$0.34,97.66%,,,,,,,,,,,,,,,,,,,,,,,,,,,,,,,,